ВидСчета,Name,Ref_Key
,Банк 1000,de9f4c57-c77d-11e6-80c6-000c2936f00b
,Банк 1001,de9f4c58-c77d-11e6-80c6-000c2936f00b
,Банк 1002,de9f4c5e-c77d-11e6-80c6-000c2936f00b
,Банк 1003,de9f4c7c-c77d-11e6-80c6-000c2936f00b
,Банк 1004,de9f4c90-c77d-11e6-80c6-000c2936f00b
,Банк 1005,de9f4d14-c77d-11e6-80c6-000c2936f00b
,Банк 1006,de9f4d2c-c77d-11e6-80c6-000c2936f00b
,Банк 1007,de9f4d41-c77d-11e6-80c6-000c2936f00b
,Банк 1008,e4c15d4c-c77d-11e6-80c6-000c2936f00b
,Банк 1009,e4c15d6e-c77d-11e6-80c6-000c2936f00b
,Банк 1010,e4c15d82-c77d-11e6-80c6-000c2936f00b
,Банк 1011,e4c15da5-c77d-11e6-80c6-000c2936f00b
,Банк 1012,e4c15ded-c77d-11e6-80c6-000c2936f00b
,Банк 1013,e4c15e0b-c77d-11e6-80c6-000c2936f00b
,Банк 1014,e4c15e31-c77d-11e6-80c6-000c2936f00b
,Банк 1015,e4c15e5b-c77d-11e6-80c6-000c2936f00b
,Банк 1016,e4c15e5d-c77d-11e6-80c6-000c2936f00b
,Банк 1017,e4c15e6c-c77d-11e6-80c6-000c2936f00b
,Банк 1018,e4c15ea6-c77d-11e6-80c6-000c2936f00b
,Банк 1019,e4c15ebd-c77d-11e6-80c6-000c2936f00b
,Банк 1020,e4c15ecd-c77d-11e6-80c6-000c2936f00b
,Банк 1021,e4c15ed2-c77d-11e6-80c6-000c2936f00b
,Банк 1022,e4c15ef5-c77d-11e6-80c6-000c2936f00b
,Банк 1023,e2b3f84a-d252-11e6-80c6-000c2936f00b
,Банк 1024,d20b5ad4-c77d-11e6-80c6-000c2936f00b
,Банк 1025,d20b5ad8-c77d-11e6-80c6-000c2936f00b
,Банк 1026,d20b5ad9-c77d-11e6-80c6-000c2936f00b
,Банк 1027,d20b5ada-c77d-11e6-80c6-000c2936f00b
,Банк 1028,d20b5adb-c77d-11e6-80c6-000c2936f00b
,Банк 1029,d20b5adc-c77d-11e6-80c6-000c2936f00b
,Банк 1030,d20b5add-c77d-11e6-80c6-000c2936f00b
,Банк 1031,d20b5ade-c77d-11e6-80c6-000c2936f00b
,Банк 1032,d20b5adf-c77d-11e6-80c6-000c2936f00b
,Банк 1033,d20b5ae0-c77d-11e6-80c6-000c2936f00b
,Банк 1034,d20b5ae1-c77d-11e6-80c6-000c2936f00b
,Банк 1035,d20b5ae2-c77d-11e6-80c6-000c2936f00b
,Банк 1036,d20b5ae3-c77d-11e6-80c6-000c2936f00b
,Банк 1037,d20b5ae4-c77d-11e6-80c6-000c2936f00b
,Банк 1038,d20b5ae5-c77d-11e6-80c6-000c2936f00b
,Банк 1039,d20b5ae6-c77d-11e6-80c6-000c2936f00b
,Банк 1040,d20b5ae7-c77d-11e6-80c6-000c2936f00b
,Банк 1041,d20b5ae8-c77d-11e6-80c6-000c2936f00b
,Банк 1042,d20b5ae9-c77d-11e6-80c6-000c2936f00b
,Банк 1043,d20b5aea-c77d-11e6-80c6-000c2936f00b
,Банк 1044,d20b5afc-c77d-11e6-80c6-000c2936f00b
,Банк 1045,d20b5b07-c77d-11e6-80c6-000c2936f00b
,Банк 1046,d20b5b09-c77d-11e6-80c6-000c2936f00b
,Банк 1047,d20b5b0a-c77d-11e6-80c6-000c2936f00b
,Банк 1048,d20b5b0d-c77d-11e6-80c6-000c2936f00b
,Банк 1049,d20b5b0e-c77d-11e6-80c6-000c2936f00b
,Банк 1050,d20b5b12-c77d-11e6-80c6-000c2936f00b
,Банк 1051,d20b5b21-c77d-11e6-80c6-000c2936f00b
,Банк 1052,d20b5b25-c77d-11e6-80c6-000c2936f00b
,Банк 1053,d20b5b28-c77d-11e6-80c6-000c2936f00b
,Банк 1054,d20b5b2c-c77d-11e6-80c6-000c2936f00b
,Банк 1055,d20b5b2d-c77d-11e6-80c6-000c2936f00b
,Банк 1056,d20b5b34-c77d-11e6-80c6-000c2936f00b
,Банк 1057,d20b5b3d-c77d-11e6-80c6-000c2936f00b
,Банк 1058,d20b5b4a-c77d-11e6-80c6-000c2936f00b
,Банк 1059,d20b5b4d-c77d-11e6-80c6-000c2936f00b
,Банк 1060,d20b5b61-c77d-11e6-80c6-000c2936f00b
,Банк 1061,d20b5b6b-c77d-11e6-80c6-000c2936f00b
,Банк 1062,d20b5b6f-c77d-11e6-80c6-000c2936f00b
,Банк 1063,d20b5b73-c77d-11e6-80c6-000c2936f00b
,Банк 1064,d20b5b77-c77d-11e6-80c6-000c2936f00b
,Банк 1065,d20b5b79-c77d-11e6-80c6-000c2936f00b
,Банк 1066,d20b5b82-c77d-11e6-80c6-000c2936f00b
,Банк 1067,d20b5b83-c77d-11e6-80c6-000c2936f00b
,Банк 1068,d20b5b86-c77d-11e6-80c6-000c2936f00b
,Банк 1069,d20b5b9f-c77d-11e6-80c6-000c2936f00b
,Банк 1070,d20b5bb3-c77d-11e6-80c6-000c2936f00b
,Банк 1071,d20b5bc3-c77d-11e6-80c6-000c2936f00b
,Банк 1072,d20b5bd1-c77d-11e6-80c6-000c2936f00b
,Банк 1073,d20b5be8-c77d-11e6-80c6-000c2936f00b
,Банк 1074,d20b5bf7-c77d-11e6-80c6-000c2936f00b
,Банк 1075,d20b5c01-c77d-11e6-80c6-000c2936f00b
,Банк 1076,d20b5c06-c77d-11e6-80c6-000c2936f00b
,Банк 1077,d20b5c1b-c77d-11e6-80c6-000c2936f00b
,Банк 1078,d20b5c27-c77d-11e6-80c6-000c2936f00b
,Банк 1079,d20b5c48-c77d-11e6-80c6-000c2936f00b
,Банк 1080,d20b5c4d-c77d-11e6-80c6-000c2936f00b
,Банк 1081,d20b5c60-c77d-11e6-80c6-000c2936f00b
,Банк 1082,d20b5c62-c77d-11e6-80c6-000c2936f00b
,Банк 1083,d20b5c6d-c77d-11e6-80c6-000c2936f00b
,Банк 1084,d20b5c74-c77d-11e6-80c6-000c2936f00b
,Банк 1085,d20b5c77-c77d-11e6-80c6-000c2936f00b
,Банк 1086,d20b5c78-c77d-11e6-80c6-000c2936f00b
,Банк 1087,d20b5c79-c77d-11e6-80c6-000c2936f00b
,Банк 1088,d20b5c8b-c77d-11e6-80c6-000c2936f00b
,Банк 1089,d20b5c8d-c77d-11e6-80c6-000c2936f00b
,Банк 1090,d20b5ca4-c77d-11e6-80c6-000c2936f00b
,Банк 1091,d20b5cb1-c77d-11e6-80c6-000c2936f00b
,Банк 1092,d20b5cb8-c77d-11e6-80c6-000c2936f00b
,Банк 1093,d20b5cbe-c77d-11e6-80c6-000c2936f00b
,Банк 1094,d20b5cbf-c77d-11e6-80c6-000c2936f00b
,Банк 1095,d20b5cc9-c77d-11e6-80c6-000c2936f00b
,Банк 1096,d89be6c5-c77d-11e6-80c6-000c2936f00b
,Банк 1097,d89be6ca-c77d-11e6-80c6-000c2936f00b
,Банк 1098,d89be6e8-c77d-11e6-80c6-000c2936f00b
,Банк 1099,d89be6f7-c77d-11e6-80c6-000c2936f00b
,Банк 1100,d89be703-c77d-11e6-80c6-000c2936f00b
,Банк 1101,d89be70e-c77d-11e6-80c6-000c2936f00b
,Банк 1102,d89be71e-c77d-11e6-80c6-000c2936f00b
,Банк 1103,d89be724-c77d-11e6-80c6-000c2936f00b
,Банк 1104,d89be729-c77d-11e6-80c6-000c2936f00b
,Банк 1105,d89be72d-c77d-11e6-80c6-000c2936f00b
,Банк 1106,d89be731-c77d-11e6-80c6-000c2936f00b
,Банк 1107,d89be735-c77d-11e6-80c6-000c2936f00b
,Банк 1108,d89be738-c77d-11e6-80c6-000c2936f00b
,Банк 1109,d89be739-c77d-11e6-80c6-000c2936f00b
,Банк 1110,d89be73f-c77d-11e6-80c6-000c2936f00b
,Банк 1111,d89be746-c77d-11e6-80c6-000c2936f00b
,Банк 1112,d89be751-c77d-11e6-80c6-000c2936f00b
,Банк 1113,d89be758-c77d-11e6-80c6-000c2936f00b
,Банк 1114,d89be75d-c77d-11e6-80c6-000c2936f00b
,Банк 1115,d89be769-c77d-11e6-80c6-000c2936f00b
,Банк 1116,d89be774-c77d-11e6-80c6-000c2936f00b
,Банк 1117,d89be77c-c77d-11e6-80c6-000c2936f00b
,Банк 1118,d89be77f-c77d-11e6-80c6-000c2936f00b
,Банк 1119,d89be791-c77d-11e6-80c6-000c2936f00b
,Банк 1120,d89be792-c77d-11e6-80c6-000c2936f00b
,Банк 1121,d89be793-c77d-11e6-80c6-000c2936f00b
,Банк 1122,d89be795-c77d-11e6-80c6-000c2936f00b
,Банк 1123,d89be796-c77d-11e6-80c6-000c2936f00b
,Банк 1124,d89be797-c77d-11e6-80c6-000c2936f00b
,Банк 1125,d89be7a0-c77d-11e6-80c6-000c2936f00b
,Банк 1126,d89be7a2-c77d-11e6-80c6-000c2936f00b
,Банк 1127,d89be7aa-c77d-11e6-80c6-000c2936f00b
,Банк 1128,d89be7c1-c77d-11e6-80c6-000c2936f00b
,Банк 1129,d89be7c5-c77d-11e6-80c6-000c2936f00b
,Банк 1130,d89be7db-c77d-11e6-80c6-000c2936f00b
,Банк 1131,d89be7e5-c77d-11e6-80c6-000c2936f00b
,Банк 1132,d89be7f2-c77d-11e6-80c6-000c2936f00b
,Банк 1133,d89be809-c77d-11e6-80c6-000c2936f00b
,Банк 1134,d89be80e-c77d-11e6-80c6-000c2936f00b
,Банк 1135,d89be80f-c77d-11e6-80c6-000c2936f00b
,Банк 1136,d89be81f-c77d-11e6-80c6-000c2936f00b
,Банк 1137,d89be820-c77d-11e6-80c6-000c2936f00b
,Банк 1138,d89be826-c77d-11e6-80c6-000c2936f00b
,Банк 1139,d89be82b-c77d-11e6-80c6-000c2936f00b
,Банк 1140,d89be841-c77d-11e6-80c6-000c2936f00b
,Банк 1141,d89be86a-c77d-11e6-80c6-000c2936f00b
,Банк 1142,d89be86d-c77d-11e6-80c6-000c2936f00b
,Банк 1143,d89be879-c77d-11e6-80c6-000c2936f00b
,Банк 1144,de9f4beb-c77d-11e6-80c6-000c2936f00b
,Банк 1145,de9f4bf7-c77d-11e6-80c6-000c2936f00b
,Банк 1146,de9f4c12-c77d-11e6-80c6-000c2936f00b
,Банк 1147,de9f4c1b-c77d-11e6-80c6-000c2936f00b
,Банк 1148,de9f4c21-c77d-11e6-80c6-000c2936f00b
,Банк 1149,de9f4c30-c77d-11e6-80c6-000c2936f00b
,Банк 1150,de9f4c36-c77d-11e6-80c6-000c2936f00b
,Банк 1151,de9f4c39-c77d-11e6-80c6-000c2936f00b
,Банк 1152,de9f4c3d-c77d-11e6-80c6-000c2936f00b
,Банк 1153,de9f4c47-c77d-11e6-80c6-000c2936f00b
,Банк 1154,de9f4c4a-c77d-11e6-80c6-000c2936f00b
,Банк 1155,de9f4c4b-c77d-11e6-80c6-000c2936f00b
,Банк 1156,de9f4c5b-c77d-11e6-80c6-000c2936f00b
,Банк 1157,de9f4c60-c77d-11e6-80c6-000c2936f00b
,Банк 1158,de9f4c63-c77d-11e6-80c6-000c2936f00b
,Банк 1159,de9f4c64-c77d-11e6-80c6-000c2936f00b
,Банк 1160,de9f4c6d-c77d-11e6-80c6-000c2936f00b
,Банк 1161,de9f4c80-c77d-11e6-80c6-000c2936f00b
,Банк 1162,de9f4c9d-c77d-11e6-80c6-000c2936f00b
,Банк 1163,de9f4ca0-c77d-11e6-80c6-000c2936f00b
,Банк 1164,de9f4ca6-c77d-11e6-80c6-000c2936f00b
,Банк 1165,de9f4ccc-c77d-11e6-80c6-000c2936f00b
,Банк 1166,de9f4cf1-c77d-11e6-80c6-000c2936f00b
,Банк 1167,de9f4cfe-c77d-11e6-80c6-000c2936f00b
,Банк 1168,de9f4d02-c77d-11e6-80c6-000c2936f00b
,Банк 1169,de9f4d08-c77d-11e6-80c6-000c2936f00b
,Банк 1170,de9f4d1e-c77d-11e6-80c6-000c2936f00b
,Банк 1171,de9f4d28-c77d-11e6-80c6-000c2936f00b
,Банк 1172,de9f4d3f-c77d-11e6-80c6-000c2936f00b
,Банк 1173,de9f4d4a-c77d-11e6-80c6-000c2936f00b
,Банк 1174,de9f4d50-c77d-11e6-80c6-000c2936f00b
,Банк 1175,e4c15d4f-c77d-11e6-80c6-000c2936f00b
,Банк 1176,e4c15d65-c77d-11e6-80c6-000c2936f00b
,Банк 1177,e4c15d6f-c77d-11e6-80c6-000c2936f00b
,Банк 1178,e4c15d77-c77d-11e6-80c6-000c2936f00b
,Банк 1179,e4c15d83-c77d-11e6-80c6-000c2936f00b
,Банк 1180,e4c15d8e-c77d-11e6-80c6-000c2936f00b
,Банк 1181,e4c15d98-c77d-11e6-80c6-000c2936f00b
,Банк 1182,e4c15d9d-c77d-11e6-80c6-000c2936f00b
,Банк 1183,e4c15da6-c77d-11e6-80c6-000c2936f00b
,Банк 1184,e4c15dab-c77d-11e6-80c6-000c2936f00b
,Банк 1185,e4c15dbd-c77d-11e6-80c6-000c2936f00b
,Банк 1186,e4c15dc1-c77d-11e6-80c6-000c2936f00b
,Банк 1187,e4c15de7-c77d-11e6-80c6-000c2936f00b
,Банк 1188,e4c15e02-c77d-11e6-80c6-000c2936f00b
,Банк 1189,e4c15e20-c77d-11e6-80c6-000c2936f00b
,Банк 1190,e4c15e33-c77d-11e6-80c6-000c2936f00b
,Банк 1191,e4c15e47-c77d-11e6-80c6-000c2936f00b
,Банк 1192,e4c15e49-c77d-11e6-80c6-000c2936f00b
,Банк 1193,e4c15e51-c77d-11e6-80c6-000c2936f00b
,Банк 1194,e4c15e57-c77d-11e6-80c6-000c2936f00b
,Банк 1195,e4c15e5a-c77d-11e6-80c6-000c2936f00b
,Банк 1196,e4c15e5e-c77d-11e6-80c6-000c2936f00b
,Банк 1197,e4c15e5f-c77d-11e6-80c6-000c2936f00b
,Банк 1198,e4c15e60-c77d-11e6-80c6-000c2936f00b
,Банк 1199,e4c15e62-c77d-11e6-80c6-000c2936f00b
,Банк 1200,e4c15e6a-c77d-11e6-80c6-000c2936f00b
,Банк 1201,e4c15e7c-c77d-11e6-80c6-000c2936f00b
,Банк 1202,e4c15e88-c77d-11e6-80c6-000c2936f00b
,Банк 1203,e4c15e8d-c77d-11e6-80c6-000c2936f00b
,Банк 1204,e4c15e8e-c77d-11e6-80c6-000c2936f00b
,Банк 1205,e4c15e8f-c77d-11e6-80c6-000c2936f00b
,Банк 1206,e4c15e97-c77d-11e6-80c6-000c2936f00b
,Банк 1207,e4c15ea1-c77d-11e6-80c6-000c2936f00b
,Банк 1208,e4c15eb1-c77d-11e6-80c6-000c2936f00b
,Банк 1209,e4c15eb5-c77d-11e6-80c6-000c2936f00b
,Банк 1210,e4c15ebe-c77d-11e6-80c6-000c2936f00b
,Банк 1211,e4c15ec3-c77d-11e6-80c6-000c2936f00b
,Банк 1212,e4c15ece-c77d-11e6-80c6-000c2936f00b
,Банк 1213,e4c15ee8-c77d-11e6-80c6-000c2936f00b
,Банк 1214,e4c15efe-c77d-11e6-80c6-000c2936f00b
,Банк 1215,e4c15f04-c77d-11e6-80c6-000c2936f00b
,Банк 1216,e2b3f84b-d252-11e6-80c6-000c2936f00b
,Банк 1217,e2b3f84e-d252-11e6-80c6-000c2936f00b
,Банк 1218,41edafe6-e16e-11e6-80c6-000c2936f00b
,Банк 964,185ff756-99dc-11e7-80cc-000c2936f00b
,Банк 965,447a71b7-8279-11e7-80cc-000c2936f00b
,Банк 966,93e7ab07-d330-11e9-80e4-005056af6d66
,Банк 967,5e342016-c3d3-11e9-80e2-000c2936f015
,Банк 968,9e9cdf66-d9ea-11e9-80e5-005056af6d66
,Банк 969,b7436c89-d880-11e9-80e4-005056af6d66
,Банк 970,d20b5b1d-c77d-11e6-80c6-000c2936f00b
,Банк 971,d20b5b20-c77d-11e6-80c6-000c2936f00b
,Банк 972,d20b5b81-c77d-11e6-80c6-000c2936f00b
,Банк 973,d20b5b8c-c77d-11e6-80c6-000c2936f00b
,Банк 974,d20b5bae-c77d-11e6-80c6-000c2936f00b
,Банк 975,d20b5bfb-c77d-11e6-80c6-000c2936f00b
,Банк 976,d20b5c59-c77d-11e6-80c6-000c2936f00b
,Банк 977,d20b5caf-c77d-11e6-80c6-000c2936f00b
,Банк 978,d20b5cc1-c77d-11e6-80c6-000c2936f00b
,Банк 979,d89be6c4-c77d-11e6-80c6-000c2936f00b
,Банк 980,d89be6d4-c77d-11e6-80c6-000c2936f00b
,Банк 981,d89be702-c77d-11e6-80c6-000c2936f00b
,Банк 982,d89be73b-c77d-11e6-80c6-000c2936f00b
,Банк 983,d89be73c-c77d-11e6-80c6-000c2936f00b
,Банк 984,d89be742-c77d-11e6-80c6-000c2936f00b
,Банк 985,d89be754-c77d-11e6-80c6-000c2936f00b
,Банк 986,d89be765-c77d-11e6-80c6-000c2936f00b
,Банк 987,d89be78e-c77d-11e6-80c6-000c2936f00b
,Банк 988,d89be790-c77d-11e6-80c6-000c2936f00b
,Банк 989,d89be7e4-c77d-11e6-80c6-000c2936f00b
,Банк 990,d89be7fb-c77d-11e6-80c6-000c2936f00b
,Банк 991,d89be80c-c77d-11e6-80c6-000c2936f00b
,Банк 992,d89be85b-c77d-11e6-80c6-000c2936f00b
,Банк 993,d89be860-c77d-11e6-80c6-000c2936f00b
,Банк 994,d89be869-c77d-11e6-80c6-000c2936f00b
,Банк 995,de9f4be1-c77d-11e6-80c6-000c2936f00b
,Банк 996,de9f4c02-c77d-11e6-80c6-000c2936f00b
,Банк 997,de9f4c07-c77d-11e6-80c6-000c2936f00b
,Банк 998,de9f4c1c-c77d-11e6-80c6-000c2936f00b
,Банк 999,de9f4c1f-c77d-11e6-80c6-000c2936f00b
Депозитный,Банк 956,7e5347f1-c291-11e7-80cc-000c2936f00b
Депозитный,Банк 957,0bbd1dba-c91e-11e7-80cc-000c2936f00b
Депозитный,Банк 959,c098c105-f9c5-11e7-80ce-000c2936f00b
Депозитный,Банк 963,9f1a705e-5aa9-11e9-80e1-005056af0114
Депозитный Закр,Банк 953,a4532c19-915f-11e7-80cc-000c2936f00b
Иной,Банк 954,14a14dbd-9ec6-11e7-80cc-000c2936f00b
Иной,Банк 955,9abd8721-a1c2-11e7-80cc-000c2936f00b
Иной,Банк 958,26142cd3-db23-11e7-80cc-000c2936f00b
Иной,Банк 960,5c959af4-16db-11e8-80d3-000c2936f00b
Иной,Банк 961,4b0410a3-9d57-11e9-80e1-000c2936f015
Иной,Банк 962,76551419-9e57-11e9-80e1-000c2936f015
Расчетный,Банк 952,90dd9497-8270-11e7-80cc-000c2936f00b
Текущий,Банк 1,e624b018-945c-11e7-80cc-000c2936f00b
Текущий,Банк 10,d76cde58-e52a-11e7-80ce-000c2936f00b
Текущий,Банк 100,4c4abb54-57ef-11ea-8101-005056afcc89
Текущий,Банк 101,4c4abb56-57ef-11ea-8101-005056afcc89
Текущий,Банк 102,8a8ba098-58a8-11ea-8101-005056afcc89
Текущий,Банк 103,403bfa36-5c9d-11ea-8101-005056afcc89
Текущий,Банк 104,7a3ac191-5d67-11ea-8101-005056afcc89
Текущий,Банк 105,c1d6ec56-5e2d-11ea-8101-005056afcc89
Текущий,Банк 106,f5a96c8b-5ef6-11ea-8101-005056afcc89
Текущий,Банк 107,f5a96c8d-5ef6-11ea-8101-005056afcc89
Текущий,Банк 108,dd4de7a7-62e3-11ea-8101-005056afcc89
Текущий,Банк 109,dd4de7a8-62e3-11ea-8101-005056afcc89
Текущий,Банк 11,d76cde61-e52a-11e7-80ce-000c2936f00b
Текущий,Банк 110,7f17f4ed-6483-11ea-8101-005056afcc89
Текущий,Банк 111,be713faa-a25b-11ea-8103-005056af3e2b
Текущий,Банк 112,91dac4a5-a676-11ea-8107-005056af3e2b
Текущий,Банк 113,c8db287a-abab-11ea-8109-005056af3e2b
Текущий,Банк 114,3dca189b-cea0-11e7-80cc-000c2936f00b
Текущий,Банк 115,3089dc3c-cf54-11e7-80cc-000c2936f00b
Текущий,Банк 116,17f3b14a-d026-11e7-80cc-000c2936f00b
Текущий,Банк 117,b5dcc80d-d348-11e7-80cc-000c2936f00b
Текущий,Банк 118,b5dcc842-d348-11e7-80cc-000c2936f00b
Текущий,Банк 119,164ecdac-d356-11e7-80cc-000c2936f00b
Текущий,Банк 12,bda86595-e6ec-11e7-80ce-000c2936f00b
Текущий,Банк 120,9ff2a9a2-dff1-11e7-80cd-000c2936f00b
Текущий,Банк 121,9ff2a9a9-dff1-11e7-80cd-000c2936f00b
Текущий,Банк 122,9ff2a9ab-dff1-11e7-80cd-000c2936f00b
Текущий,Банк 123,8000cb24-e0a0-11e7-80cd-000c2936f00b
Текущий,Банк 124,82f4ee0d-e258-11e7-80cd-000c2936f00b
Текущий,Банк 125,d76cde59-e52a-11e7-80ce-000c2936f00b
Текущий,Банк 126,d76cde60-e52a-11e7-80ce-000c2936f00b
Текущий,Банк 127,c4987c02-e621-11e7-80ce-000c2936f00b
Текущий,Банк 128,bda8658d-e6ec-11e7-80ce-000c2936f00b
Текущий,Банк 129,bda86593-e6ec-11e7-80ce-000c2936f00b
Текущий,Банк 13,d7c63a6c-ec63-11e7-80ce-000c2936f00b
Текущий,Банк 130,854abf18-e9e4-11e7-80ce-000c2936f00b
Текущий,Банк 131,87c1697d-eac5-11e7-80ce-000c2936f00b
Текущий,Банк 132,a8443e11-eb9b-11e7-80ce-000c2936f00b
Текущий,Банк 133,c0abcc1d-f54f-11e7-80ce-000c2936f00b
Текущий,Банк 134,c6db3c44-fc27-11e7-80ce-000c2936f00b
Текущий,Банк 135,c6db3c45-fc27-11e7-80ce-000c2936f00b
Текущий,Банк 136,dd50e2bf-2cdb-11e8-80d3-000c2936f00b
Текущий,Банк 137,25589f0e-42d3-11e8-80d3-000c2936f00b
Текущий,Банк 138,c9ed9c56-c0b3-11e8-80d9-000c2936f00b
Текущий,Банк 139,881bce9e-c2e8-11e8-80d9-000c2936f00b
Текущий,Банк 14,10e9f272-f5f2-11e7-80ce-000c2936f00b
Текущий,Банк 140,b97ca06f-c544-11e8-80d9-000c2936f00b
Текущий,Банк 141,b97ca071-c544-11e8-80d9-000c2936f00b
Текущий,Банк 142,b97ca072-c544-11e8-80d9-000c2936f00b
Текущий,Банк 143,b97ca073-c544-11e8-80d9-000c2936f00b
Текущий,Банк 144,eba2464c-cb8b-11e8-80d9-000c2936f00b
Текущий,Банк 145,eba2464e-cb8b-11e8-80d9-000c2936f00b
Текущий,Банк 146,eba2464f-cb8b-11e8-80d9-000c2936f00b
Текущий,Банк 147,eba24650-cb8b-11e8-80d9-000c2936f00b
Текущий,Банк 148,d8054d01-a55c-11e9-80e1-000c2936f015
Текущий,Банк 149,86537fa1-a915-11e9-80e1-000c2936f015
Текущий,Банк 15,10e9f275-f5f2-11e7-80ce-000c2936f00b
Текущий,Банк 150,91b912a5-a9df-11e9-80e1-000c2936f015
Текущий,Банк 151,2cead4c7-ad08-11e9-80e1-000c2936f015
Текущий,Банк 152,4b42b9d9-aeaf-11e9-80e1-000c2936f015
Текущий,Банк 153,9384a9c4-b29d-11e9-80e1-000c2936f015
Текущий,Банк 154,6666d08f-b8f1-11e9-80e1-000c2936f015
Текущий,Банк 155,0341efdc-ba81-11e9-80e1-000c2936f015
Текущий,Банк 156,0341efdf-ba81-11e9-80e1-000c2936f015
Текущий,Банк 157,b5e745d4-bb4b-11e9-80e1-000c2936f015
Текущий,Банк 158,ef078abb-bd86-11e9-80e1-000c2936f015
Текущий,Банк 159,516ada14-c888-11e9-80e2-000c2936f015
Текущий,Банк 16,14e1556b-fa01-11e7-80ce-000c2936f00b
Текущий,Банк 160,979d14e5-cb11-11e9-80e2-000c2936f015
Текущий,Банк 161,e72dca54-ceca-11e9-80e3-000c2936f015
Текущий,Банк 162,08c291f3-d518-11e9-80e4-005056af6d66
Текущий,Банк 163,e2a237da-d5df-11e9-80e4-005056af6d66
Текущий,Банк 164,1e78bb30-d847-11e9-80e4-005056af6d66
Текущий,Банк 165,3228f193-df4e-11e9-80e5-005056af6d66
Текущий,Банк 166,d614d356-e0e1-11e9-80e5-005056af6d66
Текущий,Банк 167,6a53e533-e344-11e9-80e5-005056af6d66
Текущий,Банк 168,68f44f97-e411-11e9-80e5-005056af6d66
Текущий,Банк 169,d0867e76-e4e7-11e9-80e5-005056af6d66
Текущий,Банк 17,c9ed9c51-c0b3-11e8-80d9-000c2936f00b
Текущий,Банк 170,03a765b1-e8cd-11e9-80e5-005056af6d66
Текущий,Банк 171,2721441a-f55a-11e9-80e5-005056af6d66
Текущий,Банк 172,b5f8f9e1-f66b-11e9-80e5-005056af6d66
Текущий,Банк 173,b5f8f9e3-f66b-11e9-80e5-005056af6d66
Текущий,Банк 174,fe44a648-fbaa-11e9-80e9-005056af6d66
Текущий,Банк 175,fe44a649-fbaa-11e9-80e9-005056af6d66
Текущий,Банк 176,cd3e2fc8-ff8f-11e9-80ea-005056af6d66
Текущий,Банк 177,c741efac-012e-11ea-80ea-005056af6d66
Текущий,Банк 178,c741efad-012e-11ea-80ea-005056af6d66
Текущий,Банк 179,8abb7f6e-05e0-11ea-80ea-005056af6d66
Текущий,Банк 18,b97ca07b-c544-11e8-80d9-000c2936f00b
Текущий,Банк 180,16a5866a-0775-11ea-80ea-005056af6d66
Текущий,Банк 181,979c589a-1278-11ea-80eb-005056af6d66
Текущий,Банк 182,a89ebb7a-1b1a-11ea-80ec-005056af6d66
Текущий,Банк 183,1e7b9638-1bf0-11ea-80ec-005056af6d66
Текущий,Банк 184,d4dc805d-1d79-11ea-80ec-005056af6d66
Текущий,Банк 185,393f3fad-2163-11ea-80ec-005056af6d66
Текущий,Банк 186,5056c30c-261a-11ea-80ec-005056af6d66
Текущий,Банк 187,e5e772b0-3445-11ea-80f9-005056afcc89
Текущий,Банк 188,1577fe03-382d-11ea-80fa-005056afcc89
Текущий,Банк 189,0c1bb61e-444a-11ea-80fd-005056afcc89
Текущий,Банк 19,f189fc29-cacc-11e8-80d9-000c2936f00b
Текущий,Банк 190,a7cf52b7-47da-11ea-80fd-005056afcc89
Текущий,Банк 191,fb7f85d3-4f08-11ea-80fd-005056afcc89
Текущий,Банк 192,fb7f85d4-4f08-11ea-80fd-005056afcc89
Текущий,Банк 193,85e8d19f-6540-11ea-8101-005056af3e2b
Текущий,Банк 194,25011923-6eb0-11ea-8101-005056af3e2b
Текущий,Банк 195,25011926-6eb0-11ea-8101-005056af3e2b
Текущий,Банк 196,2501192b-6eb0-11ea-8101-005056af3e2b
Текущий,Банк 197,eaaecd4e-74fb-11ea-8101-005056af3e2b
Текущий,Банк 198,461be5b6-7828-11ea-8101-005056af3e2b
Текущий,Банк 199,d7e57589-78e1-11ea-8101-005056af3e2b
Текущий,Банк 2,3b2e83ca-c5e4-11e7-80cc-000c2936f00b
Текущий,Банк 20,9571ec61-a3a6-11e9-80e1-000c2936f015
Текущий,Банк 200,54a59d48-7d5c-11ea-8101-005056af3e2b
Текущий,Банк 201,546bdff8-9531-11ea-8101-005056af3e2b
Текущий,Банк 202,123f7a0c-9603-11ea-8101-005056af3e2b
Текущий,Банк 203,57b57653-547d-11ea-8101-005056afcc89
Текущий,Банк 204,d8d6b5cd-54bc-11ea-8101-005056afcc89
Текущий,Банк 205,4c4abb4e-57ef-11ea-8101-005056afcc89
Текущий,Банк 206,4c4abb51-57ef-11ea-8101-005056afcc89
Текущий,Банк 207,8a8ba08d-58a8-11ea-8101-005056afcc89
Текущий,Банк 208,8a8ba092-58a8-11ea-8101-005056afcc89
Текущий,Банк 209,2dedab56-5979-11ea-8101-005056afcc89
Текущий,Банк 21,9571ec63-a3a6-11e9-80e1-000c2936f015
Текущий,Банк 210,d2327192-5a52-11ea-8101-005056afcc89
Текущий,Банк 211,d2327197-5a52-11ea-8101-005056afcc89
Текущий,Банк 212,d232719a-5a52-11ea-8101-005056afcc89
Текущий,Банк 213,403bfa35-5c9d-11ea-8101-005056afcc89
Текущий,Банк 214,7a3ac198-5d67-11ea-8101-005056afcc89
Текущий,Банк 215,c1d6ec57-5e2d-11ea-8101-005056afcc89
Текущий,Банк 216,f5a96c8c-5ef6-11ea-8101-005056afcc89
Текущий,Банк 217,35205774-5fac-11ea-8101-005056afcc89
Текущий,Банк 218,dd4de7ad-62e3-11ea-8101-005056afcc89
Текущий,Банк 219,91dac4a6-a676-11ea-8107-005056af3e2b
Текущий,Банк 22,9571ec64-a3a6-11e9-80e1-000c2936f015
Текущий,Банк 220,3fc21deb-aae4-11ea-8109-005056af3e2b
Текущий,Банк 221,231cb8f8-b519-11ea-8109-005056af3e2b
Текущий,Банк 222,e4c15de0-c77d-11e6-80c6-000c2936f00b
Текущий,Банк 223,0c423f9f-0a16-11e7-80c7-000c2936f00b
Текущий,Банк 224,333903bd-ceaf-11e7-80cc-000c2936f00b
Текущий,Банк 225,7e24b7c1-d01e-11e7-80cc-000c2936f00b
Текущий,Банк 226,b5dcc812-d348-11e7-80cc-000c2936f00b
Текущий,Банк 227,b5dcc830-d348-11e7-80cc-000c2936f00b
Текущий,Банк 228,8000cb22-e0a0-11e7-80cd-000c2936f00b
Текущий,Банк 229,82f4ee09-e258-11e7-80cd-000c2936f00b
Текущий,Банк 23,9571ec6f-a3a6-11e9-80e1-000c2936f015
Текущий,Банк 230,82f4ee0c-e258-11e7-80cd-000c2936f00b
Текущий,Банк 231,82f4ee0f-e258-11e7-80cd-000c2936f00b
Текущий,Банк 232,624661bf-e46a-11e7-80cd-000c2936f00b
Текущий,Банк 233,d76cde65-e52a-11e7-80ce-000c2936f00b
Текущий,Банк 234,6673ff46-f122-11e7-80ce-000c2936f00b
Текущий,Банк 235,e7bc5abf-f505-11e7-80ce-000c2936f00b
Текущий,Банк 236,399969ff-f5d5-11e7-80ce-000c2936f00b
Текущий,Банк 237,ce84144b-ff4f-11e7-80ce-000c2936f00b
Текущий,Банк 238,497f3337-0038-11e8-80ce-000c2936f00b
Текущий,Банк 239,e3e6f9d0-1ad5-11e8-80d3-000c2936f00b
Текущий,Банк 24,9571ec76-a3a6-11e9-80e1-000c2936f015
Текущий,Банк 240,6c6cccbc-3967-11e8-80d3-000c2936f00b
Текущий,Банк 241,c9ed9c53-c0b3-11e8-80d9-000c2936f00b
Текущий,Банк 242,881bceb1-c2e8-11e8-80d9-000c2936f00b
Текущий,Банк 243,b97ca079-c544-11e8-80d9-000c2936f00b
Текущий,Банк 244,9571ec62-a3a6-11e9-80e1-000c2936f015
Текущий,Банк 245,9571ec70-a3a6-11e9-80e1-000c2936f015
Текущий,Банк 246,9571ec71-a3a6-11e9-80e1-000c2936f015
Текущий,Банк 247,9571ec75-a3a6-11e9-80e1-000c2936f015
Текущий,Банк 248,d8054d02-a55c-11e9-80e1-000c2936f015
Текущий,Банк 249,d8054d06-a55c-11e9-80e1-000c2936f015
Текущий,Банк 25,9571ec77-a3a6-11e9-80e1-000c2936f015
Текущий,Банк 250,80aee916-a7ab-11e9-80e1-000c2936f015
Текущий,Банк 251,80aee918-a7ab-11e9-80e1-000c2936f015
Текущий,Банк 252,86537fa4-a915-11e9-80e1-000c2936f015
Текущий,Банк 253,6cb7c05d-ac3b-11e9-80e1-000c2936f015
Текущий,Банк 254,2cead4d0-ad08-11e9-80e1-000c2936f015
Текущий,Банк 255,4b42b9da-aeaf-11e9-80e1-000c2936f015
Текущий,Банк 256,ad925b77-b4f8-11e9-80e1-000c2936f015
Текущий,Банк 257,c2fdb002-b99a-11e9-80e1-000c2936f015
Текущий,Банк 258,96b21357-bb63-11e9-80e1-000c2936f015
Текущий,Банк 259,ef078abc-bd86-11e9-80e1-000c2936f015
Текущий,Банк 26,9571ec78-a3a6-11e9-80e1-000c2936f015
Текущий,Банк 260,9b10194d-be57-11e9-80e1-000c2936f015
Текущий,Банк 261,ccf746c8-bfe2-11e9-80e2-000c2936f015
Текущий,Банк 262,5af1ac75-c248-11e9-80e2-000c2936f015
Текущий,Банк 263,1fa14033-c30f-11e9-80e2-000c2936f015
Текущий,Банк 264,ce8e9ba3-c350-11e9-80e2-000c2936f015
Текущий,Банк 265,a3e8687d-c8ea-11e9-80e2-000c2936f015
Текущий,Банк 266,55f45d1e-d2bd-11e9-80e4-005056af6d66
Текущий,Банк 267,1e78bb2e-d847-11e9-80e4-005056af6d66
Текущий,Банк 268,1e78bb2f-d847-11e9-80e4-005056af6d66
Текущий,Банк 269,f22753b8-eb20-11e9-80e5-005056af6d66
Текущий,Банк 27,9571ec79-a3a6-11e9-80e1-000c2936f015
Текущий,Банк 270,746544d1-f231-11e9-80e5-005056af6d66
Текущий,Банк 271,a13099b7-0174-11ea-80ea-005056af6d66
Текущий,Банк 272,f76bb18a-051d-11ea-80ea-005056af6d66
Текущий,Банк 273,da0d4838-0bab-11ea-80eb-005056af6d66
Текущий,Банк 274,938d8f84-0f50-11ea-80eb-005056af6d66
Текущий,Банк 275,938d8f87-0f50-11ea-80eb-005056af6d66
Текущий,Банк 276,339f1860-1e43-11ea-80ec-005056af6d66
Текущий,Банк 277,406671b8-209b-11ea-80ec-005056af6d66
Текущий,Банк 278,11d393ca-2230-11ea-80ec-005056af6d66
Текущий,Банк 279,5056c314-261a-11ea-80ec-005056af6d66
Текущий,Банк 28,d8054d05-a55c-11e9-80e1-000c2936f015
Текущий,Банк 280,0830290f-2942-11ea-80ec-005056af6d66
Текущий,Банк 281,08302910-2942-11ea-80ec-005056af6d66
Текущий,Банк 282,1577fe00-382d-11ea-80fa-005056afcc89
Текущий,Банк 283,93e78765-43f2-11ea-80fd-005056afcc89
Текущий,Банк 284,fb7f85ce-4f08-11ea-80fd-005056afcc89
Текущий,Банк 285,fb7f85dd-4f08-11ea-80fd-005056afcc89
Текущий,Банк 286,85e8d1a2-6540-11ea-8101-005056af3e2b
Текущий,Банк 287,88e3d681-6942-11ea-8101-005056af3e2b
Текущий,Банк 288,8c4463d2-6a01-11ea-8101-005056af3e2b
Текущий,Банк 289,ca18e0c8-6d2c-11ea-8101-005056af3e2b
Текущий,Банк 29,80aee91f-a7ab-11e9-80e1-000c2936f015
Текущий,Банк 290,57b5764f-547d-11ea-8101-005056afcc89
Текущий,Банк 291,d8d6b5cf-54bc-11ea-8101-005056afcc89
Текущий,Банк 292,4c4abb53-57ef-11ea-8101-005056afcc89
Текущий,Банк 293,4c4abb58-57ef-11ea-8101-005056afcc89
Текущий,Банк 294,8a8ba093-58a8-11ea-8101-005056afcc89
Текущий,Банк 295,8a8ba096-58a8-11ea-8101-005056afcc89
Текущий,Банк 296,d2327194-5a52-11ea-8101-005056afcc89
Текущий,Банк 297,403bfa30-5c9d-11ea-8101-005056afcc89
Текущий,Банк 298,403bfa32-5c9d-11ea-8101-005056afcc89
Текущий,Банк 299,7a3ac197-5d67-11ea-8101-005056afcc89
Текущий,Банк 3,333903c4-ceaf-11e7-80cc-000c2936f00b
Текущий,Банк 30,f33db584-a7e6-11e9-80e1-000c2936f015
Текущий,Банк 300,35205778-5fac-11ea-8101-005056afcc89
Текущий,Банк 301,3520577a-5fac-11ea-8101-005056afcc89
Текущий,Банк 302,dd4de7aa-62e3-11ea-8101-005056afcc89
Текущий,Банк 303,fa0cb47b-63b3-11ea-8101-005056afcc89
Текущий,Банк 304,fa0cb47d-63b3-11ea-8101-005056afcc89
Текущий,Банк 305,be713fab-a25b-11ea-8103-005056af3e2b
Текущий,Банк 306,5142c06c-a5b1-11ea-8107-005056af3e2b
Текущий,Банк 307,bd930e4d-ac00-11ea-8109-005056af3e2b
Текущий,Банк 308,00e5da30-b6ae-11ea-8109-005056af3e2b
Текущий,Банк 309,0006fb79-ba9a-11ea-8856-005056af4cf9
Текущий,Банк 31,86537fa5-a915-11e9-80e1-000c2936f015
Текущий,Банк 310,b5dcc845-d348-11e7-80cc-000c2936f00b
Текущий,Банк 311,b81fdbb1-d617-11e7-80cc-000c2936f00b
Текущий,Банк 312,8000cb23-e0a0-11e7-80cd-000c2936f00b
Текущий,Банк 313,6425d65c-e168-11e7-80cd-000c2936f00b
Текущий,Банк 314,624661b8-e46a-11e7-80cd-000c2936f00b
Текущий,Банк 315,624661b9-e46a-11e7-80cd-000c2936f00b
Текущий,Банк 316,624661ba-e46a-11e7-80cd-000c2936f00b
Текущий,Банк 317,d76cde5c-e52a-11e7-80ce-000c2936f00b
Текущий,Банк 318,c4987bfd-e621-11e7-80ce-000c2936f00b
Текущий,Банк 319,854abf19-e9e4-11e7-80ce-000c2936f00b
Текущий,Банк 32,86537fa6-a915-11e9-80e1-000c2936f015
Текущий,Банк 320,d7c63a6f-ec63-11e7-80ce-000c2936f00b
Текущий,Банк 321,c098c0fa-f9c5-11e7-80ce-000c2936f00b
Текущий,Банк 322,497f3335-0038-11e8-80ce-000c2936f00b
Текущий,Банк 323,c9ed9c58-c0b3-11e8-80d9-000c2936f00b
Текущий,Банк 324,0414f1c8-6fc7-11e9-80e1-000c2936f015
Текущий,Банк 325,9571ec6c-a3a6-11e9-80e1-000c2936f015
Текущий,Банк 326,d8054d00-a55c-11e9-80e1-000c2936f015
Текущий,Банк 327,80aee91a-a7ab-11e9-80e1-000c2936f015
Текущий,Банк 328,80aee91c-a7ab-11e9-80e1-000c2936f015
Текущий,Банк 329,6cfd7f84-aa30-11e9-80e1-000c2936f015
Текущий,Банк 33,6cb7c057-ac3b-11e9-80e1-000c2936f015
Текущий,Банк 330,4b42b9db-aeaf-11e9-80e1-000c2936f015
Текущий,Банк 331,bb675a70-af63-11e9-80e1-000c2936f015
Текущий,Банк 332,bb675a75-af63-11e9-80e1-000c2936f015
Текущий,Банк 333,0da92d55-b80b-11e9-80e1-000c2936f015
Текущий,Банк 334,0da92d5a-b80b-11e9-80e1-000c2936f015
Текущий,Банк 335,96b21355-bb63-11e9-80e1-000c2936f015
Текущий,Банк 336,9b10194a-be57-11e9-80e1-000c2936f015
Текущий,Банк 337,ccf746cd-bfe2-11e9-80e2-000c2936f015
Текущий,Банк 338,ccf746cf-bfe2-11e9-80e2-000c2936f015
Текущий,Банк 339,cdbc0337-c9a8-11e9-80e2-000c2936f015
Текущий,Банк 34,2cead4cf-ad08-11e9-80e1-000c2936f015
Текущий,Банк 340,08c2d003-cfb2-11e9-80e4-005056af6d66
Текущий,Банк 341,0f433a6d-d44e-11e9-80e4-005056af6d66
Текущий,Банк 342,9316b97d-da98-11e9-80e5-005056af6d66
Текущий,Банк 343,e7767f3f-db6f-11e9-80e5-005056af6d66
Текущий,Банк 344,3228f195-df4e-11e9-80e5-005056af6d66
Текущий,Банк 345,f76bb189-051d-11ea-80ea-005056af6d66
Текущий,Банк 346,b22071e0-0b64-11ea-80eb-005056af6d66
Текущий,Банк 347,991268dd-0c77-11ea-80eb-005056af6d66
Текущий,Банк 348,701ebf57-1669-11ea-80eb-005056af6d66
Текущий,Банк 349,3d26bcf1-18c6-11ea-80ec-005056af6d66
Текущий,Банк 35,bb675a71-af63-11e9-80e1-000c2936f015
Текущий,Банк 350,3d26bcf2-18c6-11ea-80ec-005056af6d66
Текущий,Банк 351,56c426df-1c2f-11ea-80ec-005056af6d66
Текущий,Банк 352,d4dc805c-1d79-11ea-80ec-005056af6d66
Текущий,Банк 353,5056c30d-261a-11ea-80ec-005056af6d66
Текущий,Банк 354,872a6b43-26e6-11ea-80ec-005056af6d66
Текущий,Банк 355,0a870643-3f41-11ea-80fa-005056afcc89
Текущий,Банк 356,4e1f18e8-48b3-11ea-80fd-005056afcc89
Текущий,Банк 357,19f199af-679d-11ea-8101-005056af3e2b
Текущий,Банк 358,1324c7f6-7293-11ea-8101-005056af3e2b
Текущий,Банк 359,d7e5758a-78e1-11ea-8101-005056af3e2b
Текущий,Банк 36,bb675a74-af63-11e9-80e1-000c2936f015
Текущий,Банк 360,ca458a6f-8ee5-11ea-8101-005056af3e2b
Текущий,Банк 361,87df5d1c-8fb8-11ea-8101-005056af3e2b
Текущий,Банк 362,546bdffb-9531-11ea-8101-005056af3e2b
Текущий,Банк 363,3c8218b7-9f66-11ea-8101-005056af3e2b
Текущий,Банк 364,3c8218b9-9f66-11ea-8101-005056af3e2b
Текущий,Банк 365,51bcf790-a0aa-11ea-8101-005056af3e2b
Текущий,Банк 366,d8d6b5cc-54bc-11ea-8101-005056afcc89
Текущий,Банк 367,8a8ba08e-58a8-11ea-8101-005056afcc89
Текущий,Банк 368,8a8ba08f-58a8-11ea-8101-005056afcc89
Текущий,Банк 369,8a8ba094-58a8-11ea-8101-005056afcc89
Текущий,Банк 37,9384a9ba-b29d-11e9-80e1-000c2936f015
Текущий,Банк 370,d2327193-5a52-11ea-8101-005056afcc89
Текущий,Банк 371,d2327199-5a52-11ea-8101-005056afcc89
Текущий,Банк 372,7a3ac18d-5d67-11ea-8101-005056afcc89
Текущий,Банк 373,7a3ac192-5d67-11ea-8101-005056afcc89
Текущий,Банк 374,c1d6ec55-5e2d-11ea-8101-005056afcc89
Текущий,Банк 375,35205772-5fac-11ea-8101-005056afcc89
Текущий,Банк 376,35205775-5fac-11ea-8101-005056afcc89
Текущий,Банк 377,dd4de7ac-62e3-11ea-8101-005056afcc89
Текущий,Банк 378,56047d94-f34c-11e6-80c6-000c2936f00b
Текущий,Банк 379,46c48905-f803-11e6-80c6-000c2936f00b
Текущий,Банк 38,9384a9c5-b29d-11e9-80e1-000c2936f015
Текущий,Банк 380,2137adf4-094d-11e7-80c7-000c2936f00b
Текущий,Банк 381,84a0516f-9784-11e7-80cc-000c2936f00b
Текущий,Банк 382,84a05171-9784-11e7-80cc-000c2936f00b
Текущий,Банк 383,9abd8737-a1c2-11e7-80cc-000c2936f00b
Текущий,Банк 384,9abd8739-a1c2-11e7-80cc-000c2936f00b
Текущий,Банк 385,9abd873c-a1c2-11e7-80cc-000c2936f00b
Текущий,Банк 386,05537c14-c854-11e7-80cc-000c2936f00b
Текущий,Банк 387,3dca1891-cea0-11e7-80cc-000c2936f00b
Текущий,Банк 388,333903cc-ceaf-11e7-80cc-000c2936f00b
Текущий,Банк 389,7e24b7c5-d01e-11e7-80cc-000c2936f00b
Текущий,Банк 39,a90ad4ed-b42f-11e9-80e1-000c2936f015
Текущий,Банк 390,17f3b149-d026-11e7-80cc-000c2936f00b
Текущий,Банк 391,a85cceed-d03d-11e7-80cc-000c2936f00b
Текущий,Банк 392,b5dcc817-d348-11e7-80cc-000c2936f00b
Текущий,Банк 393,b5dcc81a-d348-11e7-80cc-000c2936f00b
Текущий,Банк 394,b5dcc81e-d348-11e7-80cc-000c2936f00b
Текущий,Банк 395,b5dcc83d-d348-11e7-80cc-000c2936f00b
Текущий,Банк 396,164ecda4-d356-11e7-80cc-000c2936f00b
Текущий,Банк 397,164ecda7-d356-11e7-80cc-000c2936f00b
Текущий,Банк 398,164ecdb5-d356-11e7-80cc-000c2936f00b
Текущий,Банк 399,9ff2a9a3-dff1-11e7-80cd-000c2936f00b
Текущий,Банк 4,9ff2a9aa-dff1-11e7-80cd-000c2936f00b
Текущий,Банк 40,0da92d5b-b80b-11e9-80e1-000c2936f015
Текущий,Банк 400,9ff2a9a5-dff1-11e7-80cd-000c2936f00b
Текущий,Банк 401,9ff2a9a6-dff1-11e7-80cd-000c2936f00b
Текущий,Банк 402,9ff2a9a7-dff1-11e7-80cd-000c2936f00b
Текущий,Банк 403,8000cb25-e0a0-11e7-80cd-000c2936f00b
Текущий,Банк 404,8000cb26-e0a0-11e7-80cd-000c2936f00b
Текущий,Банк 405,6425d657-e168-11e7-80cd-000c2936f00b
Текущий,Банк 406,6425d659-e168-11e7-80cd-000c2936f00b
Текущий,Банк 407,6425d65d-e168-11e7-80cd-000c2936f00b
Текущий,Банк 408,6425d65e-e168-11e7-80cd-000c2936f00b
Текущий,Банк 409,6425d65f-e168-11e7-80cd-000c2936f00b
Текущий,Банк 41,1affb44f-b84d-11e9-80e1-000c2936f015
Текущий,Банк 410,6425d662-e168-11e7-80cd-000c2936f00b
Текущий,Банк 411,6425d663-e168-11e7-80cd-000c2936f00b
Текущий,Банк 412,6425d665-e168-11e7-80cd-000c2936f00b
Текущий,Банк 413,6425d666-e168-11e7-80cd-000c2936f00b
Текущий,Банк 414,82f4ee00-e258-11e7-80cd-000c2936f00b
Текущий,Банк 415,82f4ee04-e258-11e7-80cd-000c2936f00b
Текущий,Банк 416,82f4ee05-e258-11e7-80cd-000c2936f00b
Текущий,Банк 417,82f4ee07-e258-11e7-80cd-000c2936f00b
Текущий,Банк 418,82f4ee08-e258-11e7-80cd-000c2936f00b
Текущий,Банк 419,82f4ee0e-e258-11e7-80cd-000c2936f00b
Текущий,Банк 42,6666d08e-b8f1-11e9-80e1-000c2936f015
Текущий,Банк 420,624661b4-e46a-11e7-80cd-000c2936f00b
Текущий,Банк 421,624661b5-e46a-11e7-80cd-000c2936f00b
Текущий,Банк 422,624661b6-e46a-11e7-80cd-000c2936f00b
Текущий,Банк 423,624661b7-e46a-11e7-80cd-000c2936f00b
Текущий,Банк 424,624661bb-e46a-11e7-80cd-000c2936f00b
Текущий,Банк 425,624661c0-e46a-11e7-80cd-000c2936f00b
Текущий,Банк 426,624661c1-e46a-11e7-80cd-000c2936f00b
Текущий,Банк 427,d76cde53-e52a-11e7-80ce-000c2936f00b
Текущий,Банк 428,d76cde54-e52a-11e7-80ce-000c2936f00b
Текущий,Банк 429,d76cde55-e52a-11e7-80ce-000c2936f00b
Текущий,Банк 43,0341efdd-ba81-11e9-80e1-000c2936f015
Текущий,Банк 430,d76cde56-e52a-11e7-80ce-000c2936f00b
Текущий,Банк 431,d76cde5f-e52a-11e7-80ce-000c2936f00b
Текущий,Банк 432,d76cde64-e52a-11e7-80ce-000c2936f00b
Текущий,Банк 433,c4987bff-e621-11e7-80ce-000c2936f00b
Текущий,Банк 434,c4987c00-e621-11e7-80ce-000c2936f00b
Текущий,Банк 435,c4987c01-e621-11e7-80ce-000c2936f00b
Текущий,Банк 436,c4987c04-e621-11e7-80ce-000c2936f00b
Текущий,Банк 437,bda86592-e6ec-11e7-80ce-000c2936f00b
Текущий,Банк 438,bda86594-e6ec-11e7-80ce-000c2936f00b
Текущий,Банк 439,bda86597-e6ec-11e7-80ce-000c2936f00b
Текущий,Банк 44,0d0dd9d3-c49f-11e9-80e2-000c2936f015
Текущий,Банк 440,854abf12-e9e4-11e7-80ce-000c2936f00b
Текущий,Банк 441,854abf13-e9e4-11e7-80ce-000c2936f00b
Текущий,Банк 442,854abf14-e9e4-11e7-80ce-000c2936f00b
Текущий,Банк 443,854abf15-e9e4-11e7-80ce-000c2936f00b
Текущий,Банк 444,87c1697b-eac5-11e7-80ce-000c2936f00b
Текущий,Банк 445,87c1697c-eac5-11e7-80ce-000c2936f00b
Текущий,Банк 446,87c1697f-eac5-11e7-80ce-000c2936f00b
Текущий,Банк 447,a8443e0e-eb9b-11e7-80ce-000c2936f00b
Текущий,Банк 448,a8443e10-eb9b-11e7-80ce-000c2936f00b
Текущий,Банк 449,a8443e15-eb9b-11e7-80ce-000c2936f00b
Текущий,Банк 45,516ada17-c888-11e9-80e2-000c2936f015
Текущий,Банк 450,a8443e16-eb9b-11e7-80ce-000c2936f00b
Текущий,Банк 451,d7c63a69-ec63-11e7-80ce-000c2936f00b
Текущий,Банк 452,d7c63a6a-ec63-11e7-80ce-000c2936f00b
Текущий,Банк 453,d7c63a6b-ec63-11e7-80ce-000c2936f00b
Текущий,Банк 454,d7c63a70-ec63-11e7-80ce-000c2936f00b
Текущий,Банк 455,d7c63a71-ec63-11e7-80ce-000c2936f00b
Текущий,Банк 456,399969fe-f5d5-11e7-80ce-000c2936f00b
Текущий,Банк 457,697c56b1-f6b9-11e7-80ce-000c2936f00b
Текущий,Банк 458,c098c0fb-f9c5-11e7-80ce-000c2936f00b
Текущий,Банк 459,14e1556c-fa01-11e7-80ce-000c2936f00b
Текущий,Банк 46,516ada18-c888-11e9-80e2-000c2936f015
Текущий,Банк 460,c13638bd-04eb-11e8-80d0-000c2936f00b
Текущий,Банк 461,c13638be-04eb-11e8-80d0-000c2936f00b
Текущий,Банк 462,2327041c-069a-11e8-80d3-000c2936f00b
Текущий,Банк 463,7956444b-1df2-11e8-80d3-000c2936f00b
Текущий,Банк 464,fa88046b-37d2-11e8-80d3-000c2936f00b
Текущий,Банк 465,fa88046d-37d2-11e8-80d3-000c2936f00b
Текущий,Банк 466,2ac13137-37e4-11e8-80d3-000c2936f00b
Текущий,Банк 467,1aae62c7-3d54-11e8-80d3-000c2936f00b
Текущий,Банк 468,6f6c9344-445e-11e8-80d3-000c2936f00b
Текущий,Банк 469,a009339a-590c-11e8-80d4-000c2936f00b
Текущий,Банк 47,a3e8687e-c8ea-11e9-80e2-000c2936f015
Текущий,Банк 470,4ea90175-6d4e-11e8-80d5-000c2936f00b
Текущий,Банк 471,c059bab1-76cd-11e8-80d5-000c2936f00b
Текущий,Банк 472,af9dc60a-790a-11e8-80d5-000c2936f00b
Текущий,Банк 473,c4a0610b-7ea8-11e8-80d6-000c2936f00b
Текущий,Банк 474,8fc0e942-8123-11e8-80d6-000c2936f00b
Текущий,Банк 475,c9ed9c52-c0b3-11e8-80d9-000c2936f00b
Текущий,Банк 476,c9ed9c55-c0b3-11e8-80d9-000c2936f00b
Текущий,Банк 477,c9ed9c57-c0b3-11e8-80d9-000c2936f00b
Текущий,Банк 478,c9ed9c59-c0b3-11e8-80d9-000c2936f00b
Текущий,Банк 479,c9ed9c5a-c0b3-11e8-80d9-000c2936f00b
Текущий,Банк 48,e72dca56-ceca-11e9-80e3-000c2936f015
Текущий,Банк 480,881bce9b-c2e8-11e8-80d9-000c2936f00b
Текущий,Банк 481,881bce9c-c2e8-11e8-80d9-000c2936f00b
Текущий,Банк 482,881bce9d-c2e8-11e8-80d9-000c2936f00b
Текущий,Банк 483,881bceb0-c2e8-11e8-80d9-000c2936f00b
Текущий,Банк 484,881bceb2-c2e8-11e8-80d9-000c2936f00b
Текущий,Банк 485,b97ca06e-c544-11e8-80d9-000c2936f00b
Текущий,Банк 486,b97ca070-c544-11e8-80d9-000c2936f00b
Текущий,Банк 487,b97ca074-c544-11e8-80d9-000c2936f00b
Текущий,Банк 488,b97ca075-c544-11e8-80d9-000c2936f00b
Текущий,Банк 489,b97ca076-c544-11e8-80d9-000c2936f00b
Текущий,Банк 49,55f45d1f-d2bd-11e9-80e4-005056af6d66
Текущий,Банк 490,b97ca077-c544-11e8-80d9-000c2936f00b
Текущий,Банк 491,b97ca078-c544-11e8-80d9-000c2936f00b
Текущий,Банк 492,b97ca07a-c544-11e8-80d9-000c2936f00b
Текущий,Банк 493,f189fc2b-cacc-11e8-80d9-000c2936f00b
Текущий,Банк 494,eba2464b-cb8b-11e8-80d9-000c2936f00b
Текущий,Банк 495,eba2464d-cb8b-11e8-80d9-000c2936f00b
Текущий,Банк 496,eba24652-cb8b-11e8-80d9-000c2936f00b
Текущий,Банк 497,eba24653-cb8b-11e8-80d9-000c2936f00b
Текущий,Банк 498,eba24654-cb8b-11e8-80d9-000c2936f00b
Текущий,Банк 499,99b44732-dc1b-11e8-80d9-000c2936f00b
Текущий,Банк 5,9ff2a9ac-dff1-11e7-80cd-000c2936f00b
Текущий,Банк 50,6cadb094-d38d-11e9-80e4-005056af6d66
Текущий,Банк 500,99b44734-dc1b-11e8-80d9-000c2936f00b
Текущий,Банк 501,49c4e919-40aa-11e9-80e0-005056af0114
Текущий,Банк 502,c5cfd9cf-494f-11e9-80e0-005056af0114
Текущий,Банк 503,1a54a12c-762d-11e9-80e1-000c2936f015
Текущий,Банк 504,9571ec5c-a3a6-11e9-80e1-000c2936f015
Текущий,Банк 505,9571ec5d-a3a6-11e9-80e1-000c2936f015
Текущий,Банк 506,9571ec5e-a3a6-11e9-80e1-000c2936f015
Текущий,Банк 507,9571ec5f-a3a6-11e9-80e1-000c2936f015
Текущий,Банк 508,9571ec60-a3a6-11e9-80e1-000c2936f015
Текущий,Банк 509,9571ec66-a3a6-11e9-80e1-000c2936f015
Текущий,Банк 51,3228f194-df4e-11e9-80e5-005056af6d66
Текущий,Банк 510,9571ec67-a3a6-11e9-80e1-000c2936f015
Текущий,Банк 511,9571ec69-a3a6-11e9-80e1-000c2936f015
Текущий,Банк 512,9571ec6b-a3a6-11e9-80e1-000c2936f015
Текущий,Банк 513,9571ec6e-a3a6-11e9-80e1-000c2936f015
Текущий,Банк 514,9571ec72-a3a6-11e9-80e1-000c2936f015
Текущий,Банк 515,9571ec73-a3a6-11e9-80e1-000c2936f015
Текущий,Банк 516,9571ec74-a3a6-11e9-80e1-000c2936f015
Текущий,Банк 517,9571ecc3-a3a6-11e9-80e1-000c2936f015
Текущий,Банк 518,9571ecc4-a3a6-11e9-80e1-000c2936f015
Текущий,Банк 519,9571ecc6-a3a6-11e9-80e1-000c2936f015
Текущий,Банк 52,f38678a0-ef11-11e9-80e5-005056af6d66
Текущий,Банк 520,9571ecc7-a3a6-11e9-80e1-000c2936f015
Текущий,Банк 521,d8054d03-a55c-11e9-80e1-000c2936f015
Текущий,Банк 522,d8054d04-a55c-11e9-80e1-000c2936f015
Текущий,Банк 523,d8054d08-a55c-11e9-80e1-000c2936f015
Текущий,Банк 524,d8054d09-a55c-11e9-80e1-000c2936f015
Текущий,Банк 525,d8054d0a-a55c-11e9-80e1-000c2936f015
Текущий,Банк 526,d8054d0c-a55c-11e9-80e1-000c2936f015
Текущий,Банк 527,80aee914-a7ab-11e9-80e1-000c2936f015
Текущий,Банк 528,80aee915-a7ab-11e9-80e1-000c2936f015
Текущий,Банк 529,80aee919-a7ab-11e9-80e1-000c2936f015
Текущий,Банк 53,20b89acd-efd9-11e9-80e5-005056af6d66
Текущий,Банк 530,80aee91b-a7ab-11e9-80e1-000c2936f015
Текущий,Банк 531,80aee91d-a7ab-11e9-80e1-000c2936f015
Текущий,Банк 532,80aee91e-a7ab-11e9-80e1-000c2936f015
Текущий,Банк 533,80aee920-a7ab-11e9-80e1-000c2936f015
Текущий,Банк 534,80aee921-a7ab-11e9-80e1-000c2936f015
Текущий,Банк 535,86537f9e-a915-11e9-80e1-000c2936f015
Текущий,Банк 536,86537f9f-a915-11e9-80e1-000c2936f015
Текущий,Банк 537,86537fa0-a915-11e9-80e1-000c2936f015
Текущий,Банк 538,91b912a1-a9df-11e9-80e1-000c2936f015
Текущий,Банк 539,91b912a2-a9df-11e9-80e1-000c2936f015
Текущий,Банк 54,746544d0-f231-11e9-80e5-005056af6d66
Текущий,Банк 540,91b912a3-a9df-11e9-80e1-000c2936f015
Текущий,Банк 541,91b912a4-a9df-11e9-80e1-000c2936f015
Текущий,Банк 542,6cb7c058-ac3b-11e9-80e1-000c2936f015
Текущий,Банк 543,6cb7c059-ac3b-11e9-80e1-000c2936f015
Текущий,Банк 544,6cb7c05b-ac3b-11e9-80e1-000c2936f015
Текущий,Банк 545,6cb7c05c-ac3b-11e9-80e1-000c2936f015
Текущий,Банк 546,6cb7c05e-ac3b-11e9-80e1-000c2936f015
Текущий,Банк 547,2cead4c9-ad08-11e9-80e1-000c2936f015
Текущий,Банк 548,2cead4ca-ad08-11e9-80e1-000c2936f015
Текущий,Банк 549,2cead4cc-ad08-11e9-80e1-000c2936f015
Текущий,Банк 55,795aad0d-f5a1-11e9-80e5-005056af6d66
Текущий,Банк 550,76f05ca0-adcc-11e9-80e1-000c2936f015
Текущий,Банк 551,76f05ca1-adcc-11e9-80e1-000c2936f015
Текущий,Банк 552,4b42b9d8-aeaf-11e9-80e1-000c2936f015
Текущий,Банк 553,bb675a73-af63-11e9-80e1-000c2936f015
Текущий,Банк 554,9384a9bb-b29d-11e9-80e1-000c2936f015
Текущий,Банк 555,9384a9bc-b29d-11e9-80e1-000c2936f015
Текущий,Банк 556,9384a9bd-b29d-11e9-80e1-000c2936f015
Текущий,Банк 557,9384a9be-b29d-11e9-80e1-000c2936f015
Текущий,Банк 558,9384a9bf-b29d-11e9-80e1-000c2936f015
Текущий,Банк 559,9384a9c3-b29d-11e9-80e1-000c2936f015
Текущий,Банк 56,c13c1769-f95a-11e9-80e5-005056af6d66
Текущий,Банк 560,a90ad4ef-b42f-11e9-80e1-000c2936f015
Текущий,Банк 561,a90ad4f0-b42f-11e9-80e1-000c2936f015
Текущий,Банк 562,ad925b75-b4f8-11e9-80e1-000c2936f015
Текущий,Банк 563,ad925b76-b4f8-11e9-80e1-000c2936f015
Текущий,Банк 564,2a3e202d-b745-11e9-80e1-000c2936f015
Текущий,Банк 565,2a3e202e-b745-11e9-80e1-000c2936f015
Текущий,Банк 566,2a3e202f-b745-11e9-80e1-000c2936f015
Текущий,Банк 567,0da92d51-b80b-11e9-80e1-000c2936f015
Текущий,Банк 568,0da92d57-b80b-11e9-80e1-000c2936f015
Текущий,Банк 569,0da92d5c-b80b-11e9-80e1-000c2936f015
Текущий,Банк 57,c13c176b-f95a-11e9-80e5-005056af6d66
Текущий,Банк 570,1affb44d-b84d-11e9-80e1-000c2936f015
Текущий,Банк 571,1affb44e-b84d-11e9-80e1-000c2936f015
Текущий,Банк 572,1affb450-b84d-11e9-80e1-000c2936f015
Текущий,Банк 573,1affb451-b84d-11e9-80e1-000c2936f015
Текущий,Банк 574,1affb452-b84d-11e9-80e1-000c2936f015
Текущий,Банк 575,1affb453-b84d-11e9-80e1-000c2936f015
Текущий,Банк 576,6666d090-b8f1-11e9-80e1-000c2936f015
Текущий,Банк 577,c2fdb000-b99a-11e9-80e1-000c2936f015
Текущий,Банк 578,c2fdb001-b99a-11e9-80e1-000c2936f015
Текущий,Банк 579,c2fdb003-b99a-11e9-80e1-000c2936f015
Текущий,Банк 58,c13c176c-f95a-11e9-80e5-005056af6d66
Текущий,Банк 580,0341efdb-ba81-11e9-80e1-000c2936f015
Текущий,Банк 581,b5e745d2-bb4b-11e9-80e1-000c2936f015
Текущий,Банк 582,b5e745d3-bb4b-11e9-80e1-000c2936f015
Текущий,Банк 583,b5e745d5-bb4b-11e9-80e1-000c2936f015
Текущий,Банк 584,96b2135c-bb63-11e9-80e1-000c2936f015
Текущий,Банк 585,ef078aba-bd86-11e9-80e1-000c2936f015
Текущий,Банк 586,ef078abe-bd86-11e9-80e1-000c2936f015
Текущий,Банк 587,9b101949-be57-11e9-80e1-000c2936f015
Текущий,Банк 588,9b10194c-be57-11e9-80e1-000c2936f015
Текущий,Банк 589,9b10194e-be57-11e9-80e1-000c2936f015
Текущий,Банк 59,98fc0d6c-ff99-11e9-80ea-005056af6d66
Текущий,Банк 590,d734c00a-bf1b-11e9-80e2-000c2936f015
Текущий,Банк 591,d734c00b-bf1b-11e9-80e2-000c2936f015
Текущий,Банк 592,d734c00c-bf1b-11e9-80e2-000c2936f015
Текущий,Банк 593,ccf746c9-bfe2-11e9-80e2-000c2936f015
Текущий,Банк 594,ccf746ca-bfe2-11e9-80e2-000c2936f015
Текущий,Банк 595,ccf746cb-bfe2-11e9-80e2-000c2936f015
Текущий,Банк 596,ccf746d0-bfe2-11e9-80e2-000c2936f015
Текущий,Банк 597,5af1ac70-c248-11e9-80e2-000c2936f015
Текущий,Банк 598,5af1ac71-c248-11e9-80e2-000c2936f015
Текущий,Банк 599,5af1ac72-c248-11e9-80e2-000c2936f015
Текущий,Банк 6,8000cb21-e0a0-11e7-80cd-000c2936f00b
Текущий,Банк 60,aa3f15f1-023c-11ea-80ea-005056af6d66
Текущий,Банк 600,5af1ac73-c248-11e9-80e2-000c2936f015
Текущий,Банк 601,5af1ac74-c248-11e9-80e2-000c2936f015
Текущий,Банк 602,1fa1402d-c30f-11e9-80e2-000c2936f015
Текущий,Банк 603,1fa1402e-c30f-11e9-80e2-000c2936f015
Текущий,Банк 604,1fa1402f-c30f-11e9-80e2-000c2936f015
Текущий,Банк 605,ce8e9ba4-c350-11e9-80e2-000c2936f015
Текущий,Банк 606,0d0dd9d2-c49f-11e9-80e2-000c2936f015
Текущий,Банк 607,a673d502-c4fc-11e9-80e2-000c2936f015
Текущий,Банк 608,516ada15-c888-11e9-80e2-000c2936f015
Текущий,Банк 609,516ada16-c888-11e9-80e2-000c2936f015
Текущий,Банк 61,aa3f15f4-023c-11ea-80ea-005056af6d66
Текущий,Банк 610,a3e86880-c8ea-11e9-80e2-000c2936f015
Текущий,Банк 611,cdbc0335-c9a8-11e9-80e2-000c2936f015
Текущий,Банк 612,cdbc0338-c9a8-11e9-80e2-000c2936f015
Текущий,Банк 613,91fe66f4-cae8-11e9-80e2-000c2936f015
Текущий,Банк 614,91fe66f5-cae8-11e9-80e2-000c2936f015
Текущий,Банк 615,979d14e1-cb11-11e9-80e2-000c2936f015
Текущий,Банк 616,979d14e2-cb11-11e9-80e2-000c2936f015
Текущий,Банк 617,979d14e3-cb11-11e9-80e2-000c2936f015
Текущий,Банк 618,979d14e4-cb11-11e9-80e2-000c2936f015
Текущий,Банк 619,e72dca55-ceca-11e9-80e3-000c2936f015
Текущий,Банк 62,f76bb188-051d-11ea-80ea-005056af6d66
Текущий,Банк 620,e72dca57-ceca-11e9-80e3-000c2936f015
Текущий,Банк 621,08c2d004-cfb2-11e9-80e4-005056af6d66
Текущий,Банк 622,4269825b-d069-11e9-80e4-005056af6d66
Текущий,Банк 623,4269825c-d069-11e9-80e4-005056af6d66
Текущий,Банк 624,6cadb092-d38d-11e9-80e4-005056af6d66
Текущий,Банк 625,0f433a6e-d44e-11e9-80e4-005056af6d66
Текущий,Банк 626,08c291f0-d518-11e9-80e4-005056af6d66
Текущий,Банк 627,08c291f1-d518-11e9-80e4-005056af6d66
Текущий,Банк 628,08c291f4-d518-11e9-80e4-005056af6d66
Текущий,Банк 629,e2a237dd-d5df-11e9-80e4-005056af6d66
Текущий,Банк 63,8abb7f71-05e0-11ea-80ea-005056af6d66
Текущий,Банк 630,91f3eb4c-d90a-11e9-80e5-005056af6d66
Текущий,Банк 631,91f3eb4d-d90a-11e9-80e5-005056af6d66
Текущий,Банк 632,bca6e597-d9d4-11e9-80e5-005056af6d66
Текущий,Банк 633,9316b97e-da98-11e9-80e5-005056af6d66
Текущий,Банк 634,e7767f3e-db6f-11e9-80e5-005056af6d66
Текущий,Банк 635,12ba9e65-ddc6-11e9-80e5-005056af6d66
Текущий,Банк 636,12ba9e66-ddc6-11e9-80e5-005056af6d66
Текущий,Банк 637,9ff2e022-de8d-11e9-80e5-005056af6d66
Текущий,Банк 638,3228f191-df4e-11e9-80e5-005056af6d66
Текущий,Банк 639,3228f192-df4e-11e9-80e5-005056af6d66
Текущий,Банк 64,cd5a0311-06ab-11ea-80ea-005056af6d66
Текущий,Банк 640,62a32410-e020-11e9-80e5-005056af6d66
Текущий,Банк 641,62a32411-e020-11e9-80e5-005056af6d66
Текущий,Банк 642,d614d355-e0e1-11e9-80e5-005056af6d66
Текущий,Банк 643,d614d357-e0e1-11e9-80e5-005056af6d66
Текущий,Банк 644,6a53e534-e344-11e9-80e5-005056af6d66
Текущий,Банк 645,6a53e535-e344-11e9-80e5-005056af6d66
Текущий,Банк 646,68f44f98-e411-11e9-80e5-005056af6d66
Текущий,Банк 647,d0867e71-e4e7-11e9-80e5-005056af6d66
Текущий,Банк 648,d0867e77-e4e7-11e9-80e5-005056af6d66
Текущий,Банк 649,d0867e78-e4e7-11e9-80e5-005056af6d66
Текущий,Банк 65,16a5866c-0775-11ea-80ea-005056af6d66
Текущий,Банк 650,d0867e79-e4e7-11e9-80e5-005056af6d66
Текущий,Банк 651,5425bec6-e5a4-11e9-80e5-005056af6d66
Текущий,Банк 652,57cebded-e66e-11e9-80e5-005056af6d66
Текущий,Банк 653,57cebdee-e66e-11e9-80e5-005056af6d66
Текущий,Банк 654,03a765b0-e8cd-11e9-80e5-005056af6d66
Текущий,Банк 655,3296ffa6-e98d-11e9-80e5-005056af6d66
Текущий,Банк 656,370c3344-ea5a-11e9-80e5-005056af6d66
Текущий,Банк 657,370c3345-ea5a-11e9-80e5-005056af6d66
Текущий,Банк 658,f22753b9-eb20-11e9-80e5-005056af6d66
Текущий,Банк 659,3368c143-ebe9-11e9-80e5-005056af6d66
Текущий,Банк 66,da0d4839-0bab-11ea-80eb-005056af6d66
Текущий,Банк 660,3368c144-ebe9-11e9-80e5-005056af6d66
Текущий,Банк 661,20b89acc-efd9-11e9-80e5-005056af6d66
Текущий,Банк 662,20b89ace-efd9-11e9-80e5-005056af6d66
Текущий,Банк 663,e95da99e-f0a3-11e9-80e5-005056af6d66
Текущий,Банк 664,8af65419-f16b-11e9-80e5-005056af6d66
Текущий,Банк 665,795aad0e-f5a1-11e9-80e5-005056af6d66
Текущий,Банк 666,795aad0f-f5a1-11e9-80e5-005056af6d66
Текущий,Банк 667,795aad10-f5a1-11e9-80e5-005056af6d66
Текущий,Банк 668,795aad11-f5a1-11e9-80e5-005056af6d66
Текущий,Банк 669,b5f8f9e0-f66b-11e9-80e5-005056af6d66
Текущий,Банк 67,ceb8fef1-1059-11ea-80eb-005056af6d66
Текущий,Банк 670,c13c176a-f95a-11e9-80e5-005056af6d66
Текущий,Банк 671,c0b655f1-fa1a-11e9-80e5-005056af6d66
Текущий,Банк 672,a14fa5b7-faf0-11e9-80e6-005056af6d66
Текущий,Банк 673,a14fa5b8-faf0-11e9-80e6-005056af6d66
Текущий,Банк 674,cd3e2fc9-ff8f-11e9-80ea-005056af6d66
Текущий,Банк 675,e63c8eb5-005f-11ea-80ea-005056af6d66
Текущий,Банк 676,a13099b6-0174-11ea-80ea-005056af6d66
Текущий,Банк 677,a13099b8-0174-11ea-80ea-005056af6d66
Текущий,Банк 678,a13099b9-0174-11ea-80ea-005056af6d66
Текущий,Банк 679,aa3f15f3-023c-11ea-80ea-005056af6d66
Текущий,Банк 68,1f774afd-10ea-11ea-80eb-005056af6d66
Текущий,Банк 680,8abb7f6d-05e0-11ea-80ea-005056af6d66
Текущий,Банк 681,8abb7f6f-05e0-11ea-80ea-005056af6d66
Текущий,Банк 682,8abb7f73-05e0-11ea-80ea-005056af6d66
Текущий,Банк 683,cd5a0312-06ab-11ea-80ea-005056af6d66
Текущий,Банк 684,cd5a0313-06ab-11ea-80ea-005056af6d66
Текущий,Банк 685,cd5a0315-06ab-11ea-80ea-005056af6d66
Текущий,Банк 686,16a5866b-0775-11ea-80ea-005056af6d66
Текущий,Банк 687,b362a8ab-0a9b-11ea-80eb-005056af6d66
Текущий,Банк 688,b362a8ad-0a9b-11ea-80eb-005056af6d66
Текущий,Банк 689,b22071dd-0b64-11ea-80eb-005056af6d66
Текущий,Банк 69,4a37241e-14d2-11ea-80eb-005056af6d66
Текущий,Банк 690,b22071de-0b64-11ea-80eb-005056af6d66
Текущий,Банк 691,da0d4837-0bab-11ea-80eb-005056af6d66
Текущий,Банк 692,da0d483a-0bab-11ea-80eb-005056af6d66
Текущий,Банк 693,da0d483b-0bab-11ea-80eb-005056af6d66
Текущий,Банк 694,da0d483c-0bab-11ea-80eb-005056af6d66
Текущий,Банк 695,da0d483d-0bab-11ea-80eb-005056af6d66
Текущий,Банк 696,991268de-0c77-11ea-80eb-005056af6d66
Текущий,Банк 697,938d8f83-0f50-11ea-80eb-005056af6d66
Текущий,Банк 698,938d8f86-0f50-11ea-80eb-005056af6d66
Текущий,Банк 699,fa98e21d-1012-11ea-80eb-005056af6d66
Текущий,Банк 7,82f4ee03-e258-11e7-80cd-000c2936f00b
Текущий,Банк 70,dbbc31b2-17f5-11ea-80ec-005056af6d66
Текущий,Банк 700,fa98e21e-1012-11ea-80eb-005056af6d66
Текущий,Банк 701,fa98e21f-1012-11ea-80eb-005056af6d66
Текущий,Банк 702,fa98e220-1012-11ea-80eb-005056af6d66
Текущий,Банк 703,fa98e221-1012-11ea-80eb-005056af6d66
Текущий,Банк 704,fa98e222-1012-11ea-80eb-005056af6d66
Текущий,Банк 705,1f774afb-10ea-11ea-80eb-005056af6d66
Текущий,Банк 706,1f774afc-10ea-11ea-80eb-005056af6d66
Текущий,Банк 707,a9c21247-11b0-11ea-80eb-005056af6d66
Текущий,Банк 708,a9c21249-11b0-11ea-80eb-005056af6d66
Текущий,Банк 709,4a37241c-14d2-11ea-80eb-005056af6d66
Текущий,Банк 71,f1d6afb0-22f9-11ea-80ec-005056af6d66
Текущий,Банк 710,4a37241d-14d2-11ea-80eb-005056af6d66
Текущий,Банк 711,dbbc31b0-17f5-11ea-80ec-005056af6d66
Текущий,Банк 712,dbbc31b1-17f5-11ea-80ec-005056af6d66
Текущий,Банк 713,3d26bcef-18c6-11ea-80ec-005056af6d66
Текущий,Банк 714,1e7b9637-1bf0-11ea-80ec-005056af6d66
Текущий,Банк 715,1e7b963a-1bf0-11ea-80ec-005056af6d66
Текущий,Банк 716,56c426e0-1c2f-11ea-80ec-005056af6d66
Текущий,Банк 717,d4dc805b-1d79-11ea-80ec-005056af6d66
Текущий,Банк 718,406671b9-209b-11ea-80ec-005056af6d66
Текущий,Банк 719,406671ba-209b-11ea-80ec-005056af6d66
Текущий,Банк 72,a0993440-23bf-11ea-80ec-005056af6d66
Текущий,Банк 720,406671bb-209b-11ea-80ec-005056af6d66
Текущий,Банк 721,f1d6afae-22f9-11ea-80ec-005056af6d66
Текущий,Банк 722,a099343f-23bf-11ea-80ec-005056af6d66
Текущий,Банк 723,dfb65a94-23ff-11ea-80ec-005056af6d66
Текущий,Банк 724,dfb65a97-23ff-11ea-80ec-005056af6d66
Текущий,Банк 725,5056c30e-261a-11ea-80ec-005056af6d66
Текущий,Банк 726,5056c30f-261a-11ea-80ec-005056af6d66
Текущий,Банк 727,5056c311-261a-11ea-80ec-005056af6d66
Текущий,Банк 728,5056c313-261a-11ea-80ec-005056af6d66
Текущий,Банк 729,872a6b3c-26e6-11ea-80ec-005056af6d66
Текущий,Банк 73,872a6b42-26e6-11ea-80ec-005056af6d66
Текущий,Банк 730,872a6b3d-26e6-11ea-80ec-005056af6d66
Текущий,Банк 731,872a6b3f-26e6-11ea-80ec-005056af6d66
Текущий,Банк 732,872a6b40-26e6-11ea-80ec-005056af6d66
Текущий,Банк 733,872a6b41-26e6-11ea-80ec-005056af6d66
Текущий,Банк 734,872a6b44-26e6-11ea-80ec-005056af6d66
Текущий,Банк 735,47111d75-288c-11ea-80ec-005056af6d66
Текущий,Банк 736,47111d76-288c-11ea-80ec-005056af6d66
Текущий,Банк 737,47111d77-288c-11ea-80ec-005056af6d66
Текущий,Банк 738,47111d7a-288c-11ea-80ec-005056af6d66
Текущий,Банк 739,47111d7c-288c-11ea-80ec-005056af6d66
Текущий,Банк 74,71260092-3764-11ea-80f9-005056afcc89
Текущий,Банк 740,0830290e-2942-11ea-80ec-005056af6d66
Текущий,Банк 741,08302911-2942-11ea-80ec-005056af6d66
Текущий,Банк 742,d2b0e459-31fc-11ea-80ed-005056af6d66
Текущий,Банк 743,d2b0e45a-31fc-11ea-80ed-005056af6d66
Текущий,Банк 744,d2b0e45b-31fc-11ea-80ed-005056af6d66
Текущий,Банк 745,71260093-3764-11ea-80f9-005056afcc89
Текущий,Банк 746,71260094-3764-11ea-80f9-005056afcc89
Текущий,Банк 747,1577fe01-382d-11ea-80fa-005056afcc89
Текущий,Банк 748,1577fe02-382d-11ea-80fa-005056afcc89
Текущий,Банк 749,1577fe04-382d-11ea-80fa-005056afcc89
Текущий,Банк 75,a7cf52b8-47da-11ea-80fd-005056afcc89
Текущий,Банк 750,0c128959-3b54-11ea-80fa-005056afcc89
Текущий,Банк 751,e15b0fda-3c69-11ea-80fa-005056afcc89
Текущий,Банк 752,e15b0fdb-3c69-11ea-80fa-005056afcc89
Текущий,Банк 753,6e4c87d8-3dad-11ea-80fa-005056afcc89
Текущий,Банк 754,6e4c87d9-3dad-11ea-80fa-005056afcc89
Текущий,Банк 755,6e4c87da-3dad-11ea-80fa-005056afcc89
Текущий,Банк 756,3e073feb-3df8-11ea-80fa-005056afcc89
Текущий,Банк 757,3e073fec-3df8-11ea-80fa-005056afcc89
Текущий,Банк 758,0a870644-3f41-11ea-80fa-005056afcc89
Текущий,Банк 759,0a870645-3f41-11ea-80fa-005056afcc89
Текущий,Банк 76,fb7f85cd-4f08-11ea-80fd-005056afcc89
Текущий,Банк 760,767d0359-41a0-11ea-80fd-005056afcc89
Текущий,Банк 761,a07f067f-4264-11ea-80fd-005056afcc89
Текущий,Банк 762,93e78766-43f2-11ea-80fd-005056afcc89
Текущий,Банк 763,93e78767-43f2-11ea-80fd-005056afcc89
Текущий,Банк 764,93e78768-43f2-11ea-80fd-005056afcc89
Текущий,Банк 765,0c1bb61b-444a-11ea-80fd-005056afcc89
Текущий,Банк 766,0c1bb61d-444a-11ea-80fd-005056afcc89
Текущий,Банк 767,a7cf52b5-47da-11ea-80fd-005056afcc89
Текущий,Банк 768,a7cf52b6-47da-11ea-80fd-005056afcc89
Текущий,Банк 769,0c4b9532-4993-11ea-80fd-005056afcc89
Текущий,Банк 77,fb7f85cf-4f08-11ea-80fd-005056afcc89
Текущий,Банк 770,fb7f85d1-4f08-11ea-80fd-005056afcc89
Текущий,Банк 771,fb7f85d2-4f08-11ea-80fd-005056afcc89
Текущий,Банк 772,fb7f85d5-4f08-11ea-80fd-005056afcc89
Текущий,Банк 773,fb7f85d8-4f08-11ea-80fd-005056afcc89
Текущий,Банк 774,fb7f85d9-4f08-11ea-80fd-005056afcc89
Текущий,Банк 775,fb7f85da-4f08-11ea-80fd-005056afcc89
Текущий,Банк 776,fb7f85db-4f08-11ea-80fd-005056afcc89
Текущий,Банк 777,fb7f85de-4f08-11ea-80fd-005056afcc89
Текущий,Банк 778,85e8d1a0-6540-11ea-8101-005056af3e2b
Текущий,Банк 779,85e8d1a1-6540-11ea-8101-005056af3e2b
Текущий,Банк 78,fb7f85d0-4f08-11ea-80fd-005056afcc89
Текущий,Банк 780,19f199ab-679d-11ea-8101-005056af3e2b
Текущий,Банк 781,19f199ad-679d-11ea-8101-005056af3e2b
Текущий,Банк 782,19f199ae-679d-11ea-8101-005056af3e2b
Текущий,Банк 783,46e8e308-6869-11ea-8101-005056af3e2b
Текущий,Банк 784,46e8e309-6869-11ea-8101-005056af3e2b
Текущий,Банк 785,46e8e30a-6869-11ea-8101-005056af3e2b
Текущий,Банк 786,46e8e30b-6869-11ea-8101-005056af3e2b
Текущий,Банк 787,46e8e30e-6869-11ea-8101-005056af3e2b
Текущий,Банк 788,46e8e30f-6869-11ea-8101-005056af3e2b
Текущий,Банк 789,88e3d67f-6942-11ea-8101-005056af3e2b
Текущий,Банк 79,fb7f85d6-4f08-11ea-80fd-005056afcc89
Текущий,Банк 790,88e3d680-6942-11ea-8101-005056af3e2b
Текущий,Банк 791,88e3d682-6942-11ea-8101-005056af3e2b
Текущий,Банк 792,8c4463d0-6a01-11ea-8101-005056af3e2b
Текущий,Банк 793,8c4463d3-6a01-11ea-8101-005056af3e2b
Текущий,Банк 794,d8940446-6aba-11ea-8101-005056af3e2b
Текущий,Банк 795,d8940447-6aba-11ea-8101-005056af3e2b
Текущий,Банк 796,ca18e0c6-6d2c-11ea-8101-005056af3e2b
Текущий,Банк 797,ca18e0c7-6d2c-11ea-8101-005056af3e2b
Текущий,Банк 798,ca18e0ca-6d2c-11ea-8101-005056af3e2b
Текущий,Банк 799,25011927-6eb0-11ea-8101-005056af3e2b
Текущий,Банк 8,624661be-e46a-11e7-80cd-000c2936f00b
Текущий,Банк 80,fb7f85d7-4f08-11ea-80fd-005056afcc89
Текущий,Банк 800,25011928-6eb0-11ea-8101-005056af3e2b
Текущий,Банк 801,25011929-6eb0-11ea-8101-005056af3e2b
Текущий,Банк 802,2501192a-6eb0-11ea-8101-005056af3e2b
Текущий,Банк 803,a96eebdf-7000-11ea-8101-005056af3e2b
Текущий,Банк 804,a96eebe0-7000-11ea-8101-005056af3e2b
Текущий,Банк 805,df84bceb-703e-11ea-8101-005056af3e2b
Текущий,Банк 806,1324c7f4-7293-11ea-8101-005056af3e2b
Текущий,Банк 807,1324c7f5-7293-11ea-8101-005056af3e2b
Текущий,Банк 808,035f3aba-735e-11ea-8101-005056af3e2b
Текущий,Банк 809,602b769b-74a9-11ea-8101-005056af3e2b
Текущий,Банк 81,fb7f85dc-4f08-11ea-80fd-005056afcc89
Текущий,Банк 810,602b769c-74a9-11ea-8101-005056af3e2b
Текущий,Банк 811,fddc9bc6-75c1-11ea-8101-005056af3e2b
Текущий,Банк 812,d7e57588-78e1-11ea-8101-005056af3e2b
Текущий,Банк 813,b58ee8fb-7f2e-11ea-8101-005056af3e2b
Текущий,Банк 814,b58ee8fc-7f2e-11ea-8101-005056af3e2b
Текущий,Банк 815,b74e1e44-7fe5-11ea-8101-005056af3e2b
Текущий,Банк 816,eee66dd8-8e18-11ea-8101-005056af3e2b
Текущий,Банк 817,eee66dd9-8e18-11ea-8101-005056af3e2b
Текущий,Банк 818,24131159-907c-11ea-8101-005056af3e2b
Текущий,Банк 819,2413115a-907c-11ea-8101-005056af3e2b
Текущий,Банк 82,fb7f85df-4f08-11ea-80fd-005056afcc89
Текущий,Банк 820,2413115b-907c-11ea-8101-005056af3e2b
Текущий,Банк 821,2413115c-907c-11ea-8101-005056af3e2b
Текущий,Банк 822,2503b90b-913f-11ea-8101-005056af3e2b
Текущий,Банк 823,546bdff9-9531-11ea-8101-005056af3e2b
Текущий,Банк 824,123f7a0b-9603-11ea-8101-005056af3e2b
Текущий,Банк 825,3103b611-9925-11ea-8101-005056af3e2b
Текущий,Банк 826,3103b613-9925-11ea-8101-005056af3e2b
Текущий,Банк 827,bd4837fa-99e9-11ea-8101-005056af3e2b
Текущий,Банк 828,0e843727-9ab1-11ea-8101-005056af3e2b
Текущий,Банк 829,0e843728-9ab1-11ea-8101-005056af3e2b
Текущий,Банк 83,fb7f85e0-4f08-11ea-80fd-005056afcc89
Текущий,Банк 830,0e843729-9ab1-11ea-8101-005056af3e2b
Текущий,Банк 831,f602ca8c-9b7e-11ea-8101-005056af3e2b
Текущий,Банк 832,06600de0-9f1a-11ea-8101-005056af3e2b
Текущий,Банк 833,3c8218b8-9f66-11ea-8101-005056af3e2b
Текущий,Банк 834,51bcf78e-a0aa-11ea-8101-005056af3e2b
Текущий,Банк 835,51bcf78f-a0aa-11ea-8101-005056af3e2b
Текущий,Банк 836,57b5764e-547d-11ea-8101-005056afcc89
Текущий,Банк 837,57b57650-547d-11ea-8101-005056afcc89
Текущий,Банк 838,57b57652-547d-11ea-8101-005056afcc89
Текущий,Банк 839,57b57654-547d-11ea-8101-005056afcc89
Текущий,Банк 84,85e8d1a3-6540-11ea-8101-005056af3e2b
Текущий,Банк 840,57b57655-547d-11ea-8101-005056afcc89
Текущий,Банк 841,57b57656-547d-11ea-8101-005056afcc89
Текущий,Банк 842,57b57657-547d-11ea-8101-005056afcc89
Текущий,Банк 843,57b57658-547d-11ea-8101-005056afcc89
Текущий,Банк 844,57b57659-547d-11ea-8101-005056afcc89
Текущий,Банк 845,57b5765a-547d-11ea-8101-005056afcc89
Текущий,Банк 846,57b5765b-547d-11ea-8101-005056afcc89
Текущий,Банк 847,57b5765c-547d-11ea-8101-005056afcc89
Текущий,Банк 848,57b5765d-547d-11ea-8101-005056afcc89
Текущий,Банк 849,57b5765e-547d-11ea-8101-005056afcc89
Текущий,Банк 85,46e8e30c-6869-11ea-8101-005056af3e2b
Текущий,Банк 850,57b5765f-547d-11ea-8101-005056afcc89
Текущий,Банк 851,57b57660-547d-11ea-8101-005056afcc89
Текущий,Банк 852,d8d6b5c8-54bc-11ea-8101-005056afcc89
Текущий,Банк 853,d8d6b5ca-54bc-11ea-8101-005056afcc89
Текущий,Банк 854,d8d6b5cb-54bc-11ea-8101-005056afcc89
Текущий,Банк 855,d8d6b5ce-54bc-11ea-8101-005056afcc89
Текущий,Банк 856,d8d6b5d0-54bc-11ea-8101-005056afcc89
Текущий,Банк 857,4c4abb4d-57ef-11ea-8101-005056afcc89
Текущий,Банк 858,4c4abb4f-57ef-11ea-8101-005056afcc89
Текущий,Банк 859,4c4abb52-57ef-11ea-8101-005056afcc89
Текущий,Банк 86,8c4463d4-6a01-11ea-8101-005056af3e2b
Текущий,Банк 860,4c4abb55-57ef-11ea-8101-005056afcc89
Текущий,Банк 861,4c4abb57-57ef-11ea-8101-005056afcc89
Текущий,Банк 862,4c4abb59-57ef-11ea-8101-005056afcc89
Текущий,Банк 863,4c4abb5a-57ef-11ea-8101-005056afcc89
Текущий,Банк 864,8a8ba08b-58a8-11ea-8101-005056afcc89
Текущий,Банк 865,8a8ba08c-58a8-11ea-8101-005056afcc89
Текущий,Банк 866,8a8ba090-58a8-11ea-8101-005056afcc89
Текущий,Банк 867,8a8ba091-58a8-11ea-8101-005056afcc89
Текущий,Банк 868,8a8ba095-58a8-11ea-8101-005056afcc89
Текущий,Банк 869,8a8ba097-58a8-11ea-8101-005056afcc89
Текущий,Банк 87,ca18e0c9-6d2c-11ea-8101-005056af3e2b
Текущий,Банк 870,8a8ba099-58a8-11ea-8101-005056afcc89
Текущий,Банк 871,8a8ba09a-58a8-11ea-8101-005056afcc89
Текущий,Банк 872,2dedab55-5979-11ea-8101-005056afcc89
Текущий,Банк 873,2dedab57-5979-11ea-8101-005056afcc89
Текущий,Банк 874,2dedab58-5979-11ea-8101-005056afcc89
Текущий,Банк 875,2dedab59-5979-11ea-8101-005056afcc89
Текущий,Банк 876,d2327195-5a52-11ea-8101-005056afcc89
Текущий,Банк 877,d2327196-5a52-11ea-8101-005056afcc89
Текущий,Банк 878,d2327198-5a52-11ea-8101-005056afcc89
Текущий,Банк 879,403bfa2f-5c9d-11ea-8101-005056afcc89
Текущий,Банк 88,a96eebdd-7000-11ea-8101-005056af3e2b
Текущий,Банк 880,403bfa33-5c9d-11ea-8101-005056afcc89
Текущий,Банк 881,7a3ac18e-5d67-11ea-8101-005056afcc89
Текущий,Банк 882,7a3ac18f-5d67-11ea-8101-005056afcc89
Текущий,Банк 883,7a3ac190-5d67-11ea-8101-005056afcc89
Текущий,Банк 884,7a3ac193-5d67-11ea-8101-005056afcc89
Текущий,Банк 885,7a3ac194-5d67-11ea-8101-005056afcc89
Текущий,Банк 886,7a3ac195-5d67-11ea-8101-005056afcc89
Текущий,Банк 887,7a3ac196-5d67-11ea-8101-005056afcc89
Текущий,Банк 888,c1d6ec58-5e2d-11ea-8101-005056afcc89
Текущий,Банк 889,f5a96c88-5ef6-11ea-8101-005056afcc89
Текущий,Банк 89,a96eebde-7000-11ea-8101-005056af3e2b
Текущий,Банк 890,f5a96c89-5ef6-11ea-8101-005056afcc89
Текущий,Банк 891,f5a96c8a-5ef6-11ea-8101-005056afcc89
Текущий,Банк 892,f5a96c8e-5ef6-11ea-8101-005056afcc89
Текущий,Банк 893,f5a96c8f-5ef6-11ea-8101-005056afcc89
Текущий,Банк 894,35205773-5fac-11ea-8101-005056afcc89
Текущий,Банк 895,35205776-5fac-11ea-8101-005056afcc89
Текущий,Банк 896,35205777-5fac-11ea-8101-005056afcc89
Текущий,Банк 897,35205779-5fac-11ea-8101-005056afcc89
Текущий,Банк 898,dd4de7a9-62e3-11ea-8101-005056afcc89
Текущий,Банк 899,dd4de7ab-62e3-11ea-8101-005056afcc89
Текущий,Банк 9,d76cde57-e52a-11e7-80ce-000c2936f00b
Текущий,Банк 90,035f3ab8-735e-11ea-8101-005056af3e2b
Текущий,Банк 900,dd4de7ae-62e3-11ea-8101-005056afcc89
Текущий,Банк 901,fa0cb47c-63b3-11ea-8101-005056afcc89
Текущий,Банк 902,fa0cb47e-63b3-11ea-8101-005056afcc89
Текущий,Банк 903,fa0cb47f-63b3-11ea-8101-005056afcc89
Текущий,Банк 904,7f17f4ea-6483-11ea-8101-005056afcc89
Текущий,Банк 905,7f17f4eb-6483-11ea-8101-005056afcc89
Текущий,Банк 906,7f17f4ec-6483-11ea-8101-005056afcc89
Текущий,Банк 907,7f17f4ee-6483-11ea-8101-005056afcc89
Текущий,Банк 908,7f17f4ef-6483-11ea-8101-005056afcc89
Текущий,Банк 909,45323fa5-a173-11ea-8103-005056af3e2b
Текущий,Банк 91,d7e57587-78e1-11ea-8101-005056af3e2b
Текущий,Банк 910,45323fa6-a173-11ea-8103-005056af3e2b
Текущий,Банк 911,be713fa6-a25b-11ea-8103-005056af3e2b
Текущий,Банк 912,be713fa7-a25b-11ea-8103-005056af3e2b
Текущий,Банк 913,be713fa8-a25b-11ea-8103-005056af3e2b
Текущий,Банк 914,be713fa9-a25b-11ea-8103-005056af3e2b
Текущий,Банк 915,be713fac-a25b-11ea-8103-005056af3e2b
Текущий,Банк 916,5bf839d7-a41b-11ea-8107-005056af3e2b
Текущий,Банк 917,5bf839d8-a41b-11ea-8107-005056af3e2b
Текущий,Банк 918,5bf839d9-a41b-11ea-8107-005056af3e2b
Текущий,Банк 919,231daa29-a4eb-11ea-8107-005056af3e2b
Текущий,Банк 92,ca458a6e-8ee5-11ea-8101-005056af3e2b
Текущий,Банк 920,231daa2a-a4eb-11ea-8107-005056af3e2b
Текущий,Банк 921,5142c06d-a5b1-11ea-8107-005056af3e2b
Текущий,Банк 922,5142c06e-a5b1-11ea-8107-005056af3e2b
Текущий,Банк 923,5142c06f-a5b1-11ea-8107-005056af3e2b
Текущий,Банк 924,91dac4a3-a676-11ea-8107-005056af3e2b
Текущий,Банк 925,91dac4a4-a676-11ea-8107-005056af3e2b
Текущий,Банк 926,91dac4a7-a676-11ea-8107-005056af3e2b
Текущий,Банк 927,91dac4a8-a676-11ea-8107-005056af3e2b
Текущий,Банк 928,6cd5a780-a73e-11ea-8107-005056af3e2b
Текущий,Банк 929,3fc21dea-aae4-11ea-8109-005056af3e2b
Текущий,Банк 93,ca458a70-8ee5-11ea-8101-005056af3e2b
Текущий,Банк 930,bd930e4e-ac00-11ea-8109-005056af3e2b
Текущий,Банк 931,bd930e4f-ac00-11ea-8109-005056af3e2b
Текущий,Банк 932,bd930e50-ac00-11ea-8109-005056af3e2b
Текущий,Банк 933,8adc8cf4-af1f-11ea-8109-005056af3e2b
Текущий,Банк 934,8adc8cf6-af1f-11ea-8109-005056af3e2b
Текущий,Банк 935,a83c210c-b12d-11ea-8109-005056af3e2b
Текущий,Банк 936,a83c210d-b12d-11ea-8109-005056af3e2b
Текущий,Банк 937,26ed5d7a-b1f5-11ea-8109-005056af3e2b
Текущий,Банк 938,26ed5d7b-b1f5-11ea-8109-005056af3e2b
Текущий,Банк 939,0ccc93e1-b451-11ea-8109-005056af3e2b
Текущий,Банк 94,87df5d1d-8fb8-11ea-8101-005056af3e2b
Текущий,Банк 940,231cb8f9-b519-11ea-8109-005056af3e2b
Текущий,Банк 941,40563837-b5eb-11ea-8109-005056af3e2b
Текущий,Банк 942,e841ea58-b775-11ea-8109-005056af3e2b
Текущий,Банк 943,0006fb7a-ba9a-11ea-8856-005056af4cf9
Текущий,Банк 944,0006fb7b-ba9a-11ea-8856-005056af4cf9
Текущий,Банк 945,005e9193-bb61-11ea-8857-005056af4cf9
Текущий,Банк 946,005e9194-bb61-11ea-8857-005056af4cf9
Текущий,Банк 947,e20c8e0b-dfea-11e7-80cd-000c2936f00b
Текущий,Банк 948,9ff2a9a8-dff1-11e7-80cd-000c2936f00b
Текущий,Банк 949,854abf11-e9e4-11e7-80ce-000c2936f00b
Текущий,Банк 95,2503b90c-913f-11ea-8101-005056af3e2b
Текущий,Банк 950,9384a9c2-b29d-11e9-80e1-000c2936f015
Текущий,Банк 951,ad925b78-b4f8-11e9-80e1-000c2936f015
Текущий,Банк 96,3103b614-9925-11ea-8101-005056af3e2b
Текущий,Банк 97,f602ca8b-9b7e-11ea-8101-005056af3e2b
Текущий,Банк 98,57b57651-547d-11ea-8101-005056afcc89
Текущий,Банк 99,4c4abb50-57ef-11ea-8101-005056afcc89
