Name,Ref_Key
Статья 9,184f7e9a-94b2-4c94-85c1-039d061e8766
Статья 8,8732e41b-418d-497b-864d-e862d45a07f5
Статья 7,70239b7c-11ba-11ea-80eb-005056af6d66
Статья 6,d8054cf8-a55c-11e9-80e1-000c2936f015
Статья 52,3a009bdd-14db-11ea-80eb-005056af6d66
Статья 51,b312267f-8f07-11e7-80cc-000c2936f00b
Статья 50,44d2bb38-3204-11ea-80ed-005056af6d66
Статья 5,442a1adc-bc53-11e6-80c4-000c2936f00b
Статья 49,963717f4-2627-11ea-80ec-005056af6d66
Статья 48,d8054cfe-a55c-11e9-80e1-000c2936f015
Статья 47,e6848a0c-c774-4ded-9929-10e58116eff7
Статья 46,928c88df-9c02-469a-b8d4-a0976bdeebf0
Статья 45,57c27fa5-1515-4ee5-b193-fd83fed3553d
Статья 44,af659cf3-497a-4b2b-9f6b-16a4fcf7d5b1
Статья 43,3164c281-cfe4-11e9-80e4-005056af6d66
Статья 42,51d5c88b-5074-4f16-b3b5-5aaeb8def865
Статья 41,442a1ae2-bc53-11e6-80c4-000c2936f00b
Статья 40,d8054cfc-a55c-11e9-80e1-000c2936f015
Статья 4,12ab3306-af66-11e9-80e1-000c2936f015
Статья 39,4e9fab3b-d43e-11e7-80cc-000c2936f00b
Статья 38,7c2419aa-9f0a-4d47-975a-019de5c2f78c
Статья 37,84a05173-9784-11e7-80cc-000c2936f00b
Статья 36,f79c4c03-caa6-11e7-80cc-000c2936f00b
Статья 35,82a2cb9c-d68b-444e-b8e1-57323777a814
Статья 34,51591c59-c86a-11e8-80d9-000c2936f00b
Статья 33,4fab2ef7-e06a-4eba-918d-85ede85b2710
Статья 32,c20a5155-11b4-11ea-80eb-005056af6d66
Статья 31,d8054cf9-a55c-11e9-80e1-000c2936f015
Статья 30,9abd8722-a1c2-11e7-80cc-000c2936f00b
Статья 3,28215c2c-b366-11e9-80e1-000c2936f015
Статья 29,a635cbc6-3205-11ea-80ed-005056af6d66
Статья 28,d8054cfd-a55c-11e9-80e1-000c2936f015
Статья 27,d537b343-159e-11ea-80eb-005056af6d66
Статья 26,7839123d-afbb-4590-b99a-44a21979ed6a
Статья 25,0d2de24c-26f2-11ea-80ec-005056af6d66
Статья 24,eb3df34e-24c9-46b6-9967-3ab8deacf6d3
Статья 23,4b0410a1-9d57-11e9-80e1-000c2936f015
Статья 22,49c4e91a-40aa-11e9-80e0-005056af0114
Статья 21,d8054cf7-a55c-11e9-80e1-000c2936f015
Статья 20,d8054cfa-a55c-11e9-80e1-000c2936f015
Статья 2,d8054d35-a55c-11e9-80e1-000c2936f015
Статья 19,14a14dbe-9ec6-11e7-80cc-000c2936f00b
Статья 18,6cb7c08d-ac3b-11e9-80e1-000c2936f015
Статья 17,d8054cfb-a55c-11e9-80e1-000c2936f015
Статья 16,d8054cff-a55c-11e9-80e1-000c2936f015
Статья 15,5f962eb1-2e9c-11e9-80db-000c2936f00b
Статья 14,272ddb4e-fde0-11e8-80db-000c2936f00b
Статья 13,a4532c18-915f-11e7-80cc-000c2936f00b
Статья 12,09619f4c-5703-4410-8a0f-204cb50a544f
Статья 11,f6a92a76-bf54-426e-99a3-f0f67b34bb0d
Статья 10,40281775-e6f9-437f-bb37-9150c8e0f0f9
Статья 1,3c1c98ec-9112-11e7-80cc-000c2936f00b
